temperature,value,abs,gene,nm
29.99,-5.50492,419.152,cgre,218
30.16,-6.10476,418.971,cgre,218
30.45,-5.50369,419.124,cgre,218
30.65,-5.94254,419.012,cgre,218
30.79,-6.03868,419.015,cgre,218
31.02,-5.3366,419.238,cgre,218
31.22,-5.55106,419.204,cgre,218
31.37,-5.55783,419.235,cgre,218
31.49,-5.9981,419.145,cgre,218
31.68,-5.66006,419.229,cgre,218
31.88,-5.97105,419.196,cgre,218
32.06,-5.64164,419.325,cgre,218
32.18,-6.07393,419.232,cgre,218
32.36,-5.81859,419.346,cgre,218
32.6,-6.11953,419.273,cgre,218
32.78,-5.79177,419.406,cgre,218
32.89,-5.85953,419.422,cgre,218
33.07,-5.66649,419.49,cgre,218
33.3,-5.79963,419.483,cgre,218
33.48,-6.089,419.471,cgre,218
33.59,-5.8955,419.55,cgre,218
33.82,-5.8816,419.625,cgre,218
33.98,-6.07967,419.541,cgre,218
34.15,-5.68513,419.723,cgre,218
34.3,-5.8282,419.714,cgre,218
34.51,-5.56945,419.803,cgre,218
34.71,-5.78977,419.791,cgre,218
34.81,-5.57062,419.86,cgre,218
34.96,-5.6055,419.894,cgre,218
35.19,-5.57325,419.946,cgre,218
35.43,-5.82526,419.914,cgre,218
35.55,-5.994,419.925,cgre,218
35.69,-5.85372,419.961,cgre,218
35.9,-5.80187,420.034,cgre,218
36.13,-5.9423,420.027,cgre,218
36.33,-5.57844,420.152,cgre,218
36.41,-5.45947,420.212,cgre,218
36.54,-5.79458,420.173,cgre,218
36.78,-5.88408,420.134,cgre,218
36.98,-5.76008,420.209,cgre,218
37.09,-5.64976,420.272,cgre,218
37.29,-5.60515,420.325,cgre,218
37.5,-5.41563,420.402,cgre,218
37.73,-5.68915,420.353,cgre,218
37.85,-5.20197,420.522,cgre,218
37.97,-6.041,420.306,cgre,218
38.19,-6.03495,420.35,cgre,218
38.33,-6.01599,420.384,cgre,218
38.48,-5.80174,420.468,cgre,218
38.71,-5.5847,420.549,cgre,218
38.92,-5.91959,420.509,cgre,218
39.12,-5.67339,420.612,cgre,218
39.2,-5.91358,420.565,cgre,218
39.4,-5.83953,420.579,cgre,218
39.61,-5.40604,420.745,cgre,218
39.79,-5.94073,420.603,cgre,218
39.91,-5.79637,420.618,cgre,218
40.09,-5.83139,420.613,cgre,218
40.31,-5.75226,420.647,cgre,218
40.49,-5.70751,420.65,cgre,218
40.61,-5.49086,420.775,cgre,218
40.8,-5.20971,420.874,cgre,218
41.01,-5.78701,420.746,cgre,218
41.22,-5.65297,420.808,cgre,218
41.36,-5.54266,420.853,cgre,218
41.6,-5.64833,420.858,cgre,218
41.82,-5.83921,420.858,cgre,218
41.99,-5.3511,420.99,cgre,218
42.07,-5.3991,420.995,cgre,218
42.28,-6.08065,420.854,cgre,218
42.49,-5.41113,421.039,cgre,218
42.57,-5.51802,421.009,cgre,218
42.79,-5.18555,421.123,cgre,218
43.05,-5.61343,421.054,cgre,218
43.24,-5.33142,421.151,cgre,218
43.37,-5.52246,421.123,cgre,218
43.49,-5.6784,421.074,cgre,218
43.72,-5.32676,421.224,cgre,218
43.88,-5.75599,421.125,cgre,218
44.04,-5.52978,421.222,cgre,218
44.18,-5.6241,421.235,cgre,218
44.42,-5.69493,421.245,cgre,218
44.51,-5.29513,421.397,cgre,218
44.94,-5.47513,421.353,cgre,218
45.19,-6.05887,421.246,cgre,218
45.23,-5.34427,421.456,cgre,218
45.41,-5.15021,421.545,cgre,218
45.61,-5.71453,421.407,cgre,218
45.82,-5.93208,421.376,cgre,218
45.92,-5.85634,421.432,cgre,218
46.09,-5.97325,421.44,cgre,218
46.33,-5.68223,421.54,cgre,218
46.52,-5.37009,421.651,cgre,218
46.67,-5.23029,421.694,cgre,218
46.74,-5.17299,421.743,cgre,218
46.98,-5.76735,421.645,cgre,218
47.24,-5.46807,421.772,cgre,218
47.4,-5.53237,421.747,cgre,218
47.52,-5.76791,421.747,cgre,218
47.66,-4.99241,421.953,cgre,218
47.85,-5.63202,421.816,cgre,218
48.03,-5.41122,421.918,cgre,218
48.19,-5.26054,421.999,cgre,218
48.44,-5.6905,421.898,cgre,218
48.61,-5.61846,421.931,cgre,218
48.71,-5.12975,422.1,cgre,218
48.9,-4.94178,422.137,cgre,218
49.12,-5.95391,421.944,cgre,218
49.3,-5.41755,422.123,cgre,218
49.46,-5.57993,422.081,cgre,218
49.61,-5.61485,422.114,cgre,218
49.8,-5.82345,422.079,cgre,218
49.98,-5.63138,422.181,cgre,218
50.22,-5.42615,422.283,cgre,218
50.32,-5.05941,422.399,cgre,218
50.45,-4.87673,422.444,cgre,218
50.71,-5.35898,422.396,cgre,218
50.95,-5.41599,422.417,cgre,218
51.01,-5.5545,422.404,cgre,218
51.15,-5.8072,422.323,cgre,218
51.4,-5.10582,422.579,cgre,218
51.65,-5.33546,422.52,cgre,218
51.73,-5.574,422.517,cgre,218
51.88,-5.221,422.646,cgre,218
52.08,-5.34724,422.62,cgre,218
52.31,-5.08243,422.741,cgre,218
52.42,-5.55124,422.649,cgre,218
52.59,-5.61668,422.666,cgre,218
52.82,-5.87574,422.644,cgre,218
52.98,-5.73753,422.732,cgre,218
53.1,-5.48158,422.822,cgre,218
53.27,-5.64861,422.83,cgre,218
53.51,-4.7045,423.088,cgre,218
53.72,-5.804,422.856,cgre,218
53.83,-5.4977,422.955,cgre,218
53.98,-5.63255,422.958,cgre,218
54.17,-5.80954,422.926,cgre,218
54.35,-5.39997,423.059,cgre,218
54.54,-4.79429,423.228,cgre,218
54.7,-5.46437,423.103,cgre,218
54.91,-5.68947,423.073,cgre,218
55.14,-5.97272,423.036,cgre,218
55.21,-5.85674,423.068,cgre,218
55.33,-5.91835,423.101,cgre,218
55.62,-5.08458,423.338,cgre,218
55.85,-5.34001,423.278,cgre,218
55.91,-5.68091,423.232,cgre,218
56.09,-5.27423,423.35,cgre,218
56.27,-5.44069,423.323,cgre,218
56.5,-5.60745,423.317,cgre,218
56.63,-5.61327,423.307,cgre,218
56.74,-5.28607,423.409,cgre,218
57.03,-5.55084,423.387,cgre,218
57.23,-5.66881,423.371,cgre,218
57.32,-5.39654,423.466,cgre,218
57.52,-5.37146,423.491,cgre,218
57.72,-4.99719,423.57,cgre,218
57.9,-5.30325,423.58,cgre,218
57.99,-5.55044,423.542,cgre,218
58.2,-5.42118,423.595,cgre,218
58.41,-5.41387,423.575,cgre,218
58.58,-5.26153,423.664,cgre,218
58.64,-5.01833,423.779,cgre,218
58.89,-4.83687,423.335,cgre,218
59.13,-5.42529,423.201,cgre,218
59.26,-5.89323,423.124,cgre,218
59.42,-5.39731,423.271,cgre,218
59.73,-5.7124,423.168,cgre,218
60,-5.56988,423.262,cgre,218
60.44,-5.50013,423.364,cgre,218
60.54,-5.10224,423.463,cgre,218
60.6,-5.63674,423.311,cgre,218
60.81,-5.68229,423.344,cgre,218
60.98,-5.4205,423.451,cgre,218
61.13,-5.50421,423.409,cgre,218
61.25,-5.25426,423.51,cgre,218
61.52,-5.46178,423.47,cgre,218
61.71,-5.69064,423.411,cgre,218
61.94,-5.31587,423.55,cgre,218
62.02,-5.39803,423.547,cgre,218
62.19,-5.34202,423.613,cgre,218
62.41,-5.40727,423.616,cgre,218
62.61,-5.53955,423.605,cgre,218
62.72,-5.3593,423.646,cgre,218
62.86,-5.58831,423.619,cgre,218
63.1,-5.40066,423.691,cgre,218
63.35,-5.15956,423.799,cgre,218
63.41,-5.41923,423.747,cgre,218
63.58,-5.60437,423.724,cgre,218
63.83,-5.44744,423.817,cgre,218
64.04,-5.41459,423.843,cgre,218
64.14,-5.08573,423.924,cgre,218
64.29,-4.94885,423.986,cgre,218
64.51,-4.42921,424.148,cgre,218
64.65,-5.54346,423.869,cgre,218
64.78,-5.06651,424.014,cgre,218
65.01,-5.23785,424.04,cgre,218
65.22,-4.928,424.145,cgre,218
65.44,-5.14255,424.093,cgre,218
65.56,-5.56421,423.985,cgre,218
65.64,-5.33367,424.115,cgre,218
65.88,-5.59555,424.054,cgre,218
66.13,-5.43292,424.14,cgre,218
66.31,-5.61748,424.085,cgre,218
66.45,-5.27906,424.214,cgre,218
66.73,-5.51256,424.182,cgre,218
66.95,-5.62096,424.2,cgre,218
67.03,-5.29405,424.324,cgre,218
67.21,-4.71348,424.543,cgre,218
67.4,-5.29307,424.425,cgre,218
67.56,-5.17652,424.56,cgre,218
67.69,-5.21,424.676,cgre,218
67.89,-5.75972,424.656,cgre,218
68.13,-4.98891,424.993,cgre,218
68.31,-5.57489,425.099,cgre,218
68.42,-4.87801,425.508,cgre,218
68.58,-5.5572,425.675,cgre,218
68.8,-4.6744,426.212,cgre,218
68.96,-5.27167,426.421,cgre,218
69.06,-5.10504,426.877,cgre,218
69.29,-5.08955,427.347,cgre,218
69.56,-5.07786,427.845,cgre,218
69.7,-4.21785,428.606,cgre,218
69.8,-4.80209,429.05,cgre,218
70,-3.97919,429.818,cgre,218
70.22,-4.24971,430.37,cgre,218
70.44,-3.80731,431.092,cgre,218
70.5,-4.36884,431.594,cgre,218
70.68,-3.67332,432.378,cgre,218
70.87,-3.12997,433.105,cgre,218
71.13,-3.2315,433.707,cgre,218
71.23,-3.1152,434.336,cgre,218
71.36,-2.5802,434.976,cgre,218
71.63,-2.5929,435.452,cgre,218
71.76,-1.7989,435.971,cgre,218
71.91,-2.19738,436.247,cgre,218
72.13,-1.22757,436.79,cgre,218
72.28,-0.981873,437.026,cgre,218
72.49,-1.53681,436.98,cgre,218
72.58,-0.85006,437.159,cgre,218
72.72,-0.476082,437.182,cgre,218
73.03,0.32813,437.263,cgre,218
73.3,0.0849079,436.972,cgre,218
73.34,-0.123468,436.62,cgre,218
73.63,0.343144,436.472,cgre,218
73.81,0.156274,436.201,cgre,218
73.94,0.822324,436.144,cgre,218
74.1,0.219972,435.781,cgre,218
74.31,0.848255,435.728,cgre,218
74.55,0.87987,435.584,cgre,218
74.65,0.416167,435.219,cgre,218
75.07,-0.106328,434.852,cgre,218
75.31,0.617829,434.776,cgre,218
75.71,0.215005,434.559,cgre,218
75.85,0.381025,434.519,cgre,218
75.95,-0.233507,434.245,cgre,218
76.1,0.371042,434.306,cgre,218
76.27,0.778513,434.34,cgre,218
76.51,0.201489,434.112,cgre,218
76.67,0.516858,434.104,cgre,218
76.75,0.563385,433.99,cgre,218
77,0.305158,433.913,cgre,218
77.23,0.283739,433.829,cgre,218
77.35,0.240981,433.762,cgre,218
77.46,0.0127276,433.704,cgre,218
77.74,0.342121,433.705,cgre,218
77.92,0.00185036,433.576,cgre,218
78.05,-0.0517598,433.487,cgre,218
78.34,0.5202,433.569,cgre,218
78.52,0.158253,433.47,cgre,218
78.73,0.12193,433.412,cgre,218
78.82,0.239364,433.38,cgre,218
78.95,0.616995,433.458,cgre,218
79.2,0.144043,433.315,cgre,218
79.39,0.152762,433.261,cgre,218
79.46,0.203462,433.246,cgre,218
79.7,0.481025,433.29,cgre,218
79.89,0.282632,433.267,cgre,218
80.17,0.566291,433.301,cgre,218
80.21,-0.0621293,433.092,cgre,218
80.35,-0.0180893,433.091,cgre,218
80.61,0.347116,433.156,cgre,218
80.7,-0.262189,432.959,cgre,218
80.88,-0.0034058,433.041,cgre,218
81.16,-0.166638,433.002,cgre,218
81.36,0.169914,433.063,cgre,218
81.5,-0.254673,432.913,cgre,218
81.57,0.406188,433.049,cgre,218
81.79,-0.33712,432.893,cgre,218
82.01,0.434187,433.064,cgre,218
82.23,0.466443,433.029,cgre,218
82.35,-0.216249,432.865,cgre,218
82.46,0.287321,432.969,cgre,218
82.69,0.345818,433.012,cgre,218
82.93,0.114169,432.922,cgre,218
83.01,0.357557,432.931,cgre,218
83.16,0.00342255,432.849,cgre,218
83.38,-0.0314172,432.846,cgre,218
83.64,-0.0681338,432.858,cgre,218
83.78,0.492474,432.958,cgre,218
84.04,-0.422435,432.741,cgre,218
84.18,0.254515,432.933,cgre,218
84.35,-0.151139,432.784,cgre,218
84.52,0.227772,432.89,cgre,218
84.79,0.903058,433.068,cgre,218
84.91,0.101993,432.844,cgre,218
85,0.0443998,432.821,cgre,218
85.18,0.276416,432.893,cgre,218
85.42,0.371608,432.935,cgre,218
85.62,0.169846,432.872,cgre,218
85.75,0.380651,432.827,cgre,218
85.82,-0.173094,432.737,cgre,218
86.14,0.109498,432.825,cgre,218
86.31,-0.234688,432.733,cgre,218
86.51,-0.12963,432.766,cgre,218
86.65,-0.0294106,432.702,cgre,218
86.87,-0.36369,432.664,cgre,218
87.13,0.199147,432.787,cgre,218
87.29,0.536804,432.891,cgre,218
87.39,0.309304,432.828,cgre,218
87.63,-0.259236,432.704,cgre,218
87.8,0.157867,432.805,cgre,218
87.87,-0.414632,432.675,cgre,218
88.11,-0.474012,432.678,cgre,218
88.28,0.283011,432.837,cgre,218
88.49,0.323695,432.814,cgre,218
88.6,-0.193965,432.661,cgre,218
88.74,0.0344958,432.719,cgre,218
89.01,-0.345906,432.65,cgre,218
89.31,0.453249,432.805,cgre,218
89.45,-0.0573289,432.701,cgre,218
89.68,-0.304424,432.675,cgre,218
89.93,-0.0241623,432.736,cgre,218
90.03,0.0734826,432.703,cgre,218
90.35,0.376629,432.81,cgre,218
90.58,-0.00156128,432.702,cgre,218
90.67,-0.716062,432.503,cgre,218
90.77,0.0542836,432.758,cgre,218
91.02,-0.476878,432.64,cgre,218
91.21,0.268878,432.811,cgre,218
91.36,-0.233289,432.645,cgre,218
91.63,-0.272596,432.675,cgre,218
91.83,0.9219,432.985,cgre,218
92,-0.271696,432.681,cgre,218
92.08,0.0263758,432.749,cgre,218
92.26,-0.200721,432.712,cgre,218
92.53,0.252251,432.849,cgre,218
92.73,-0.147521,432.763,cgre,218
92.85,-0.101461,432.731,cgre,218
93.17,-0.160377,432.796,cgre,218
93.63,-0.371213,432.667,cgre,218
93.83,-0.690736,432.638,cgre,218
93.97,-0.371748,432.723,cgre,218
94.03,-0.0299772,432.799,cgre,218
94.33,0.457349,432.952,cgre,218
94.61,-0.0626038,432.861,cgre,218
94.71,-0.519354,432.74,cgre,218
94.81,0.177142,432.911,cgre,218
95,-0.604396,432.733,cgre,218
95.22,-0.087049,432.815,cgre,218
95.32,-0.402719,432.745,cgre,218
95.45,0.320892,432.926,cgre,218
95.7,-0.123431,432.892,cgre,218
95.95,-0.673063,432.733,cgre,218
96.08,-0.372783,432.798,cgre,218
96.22,-0.0532806,432.885,cgre,218
96.42,-0.150971,432.886,cgre,218
96.63,-0.168941,432.914,cgre,218
96.77,-0.679713,432.768,cgre,218
96.96,-0.438174,432.913,cgre,218
97.08,-0.179179,433.019,cgre,218
97.18,0.343837,433.159,cgre,218
97.58,-0.239449,433.015,cgre,218
97.64,-0.662093,432.977,cgre,218
97.89,0.0363957,433.198,cgre,218
98.23,-0.404985,433.111,cgre,218
30,-1.50427,395.956,pplu,218
30.13,-1.75044,395.891,pplu,218
30.46,-1.44842,395.984,pplu,218
30.63,-1.60616,395.962,pplu,218
30.81,-1.23343,396.05,pplu,218
31.01,-1.30702,396.029,pplu,218
31.2,-1.4258,396.006,pplu,218
31.3,-1.40908,396.027,pplu,218
31.47,-1.00592,396.124,pplu,218
31.72,-1.65115,395.971,pplu,218
31.92,-1.55807,396.032,pplu,218
32,-1.55025,396.043,pplu,218
32.16,-1.59676,396.028,pplu,218
32.38,-1.55834,395.981,pplu,218
32.6,-1.56563,395.987,pplu,218
32.73,-1.13577,396.11,pplu,218
32.85,-1.28442,396.105,pplu,218
33.1,-1.69197,396.04,pplu,218
33.32,-0.956569,396.208,pplu,218
33.4,-1.5868,396.094,pplu,218
33.59,-1.09789,396.201,pplu,218
33.8,-1.79313,396.05,pplu,218
34.02,-1.24205,396.176,pplu,218
34.11,-2.01324,395.991,pplu,218
34.26,-1.60856,396.08,pplu,218
34.48,-1.44048,396.144,pplu,218
34.71,-1.7569,396.101,pplu,218
34.82,-1.611,396.14,pplu,218
34.97,-1.29464,396.266,pplu,218
35.21,-1.47995,396.178,pplu,218
35.43,-1.28476,396.23,pplu,218
35.51,-1.55374,396.147,pplu,218
35.68,-1.31878,396.256,pplu,218
35.9,-1.68628,396.189,pplu,218
36.07,-1.4145,396.257,pplu,218
36.18,-1.70315,396.185,pplu,218
36.39,-1.15339,396.339,pplu,218
36.59,-1.36166,396.314,pplu,218
36.84,-1.25417,396.371,pplu,218
36.95,-1.85898,396.253,pplu,218
37.07,-1.59643,396.341,pplu,218
37.3,-1.54621,396.396,pplu,218
37.5,-1.45617,396.454,pplu,218
37.62,-1.45077,396.467,pplu,218
37.79,-1.38984,396.506,pplu,218
38,-1.40869,396.546,pplu,218
38.2,-1.29918,396.574,pplu,218
38.3,-1.41492,396.587,pplu,218
38.52,-1.31977,396.641,pplu,218
38.71,-1.8711,396.51,pplu,218
38.89,-1.56171,396.606,pplu,218
38.98,-1.42023,396.668,pplu,218
39.19,-1.66449,396.659,pplu,218
39.41,-1.61531,396.68,pplu,218
39.62,-1.78141,396.686,pplu,218
39.72,-1.87782,396.716,pplu,218
39.85,-1.39206,396.839,pplu,218
40.09,-1.82021,396.757,pplu,218
40.3,-1.48535,396.858,pplu,218
40.41,-1.49941,396.872,pplu,218
40.59,-1.82703,396.822,pplu,218
40.82,-1.64499,396.909,pplu,218
41,-1.33525,397.019,pplu,218
41.1,-1.73992,396.943,pplu,218
41.28,-1.69482,397.009,pplu,218
41.49,-1.781,397.005,pplu,218
41.73,-1.69061,397.04,pplu,218
41.82,-1.58644,397.074,pplu,218
42.18,-1.57213,397.157,pplu,218
42.55,-1.74726,397.138,pplu,218
42.67,-1.54324,397.224,pplu,218
42.83,-1.68977,397.199,pplu,218
43.02,-1.17017,397.369,pplu,218
43.1,-1.55881,397.269,pplu,218
43.26,-0.992291,397.452,pplu,218
43.49,-1.37309,397.373,pplu,218
43.73,-1.54779,397.38,pplu,218
43.83,-1.66395,397.366,pplu,218
43.93,-1.67496,397.38,pplu,218
44.17,-1.17029,397.537,pplu,218
44.43,-1.4038,397.507,pplu,218
44.54,-1.72529,397.462,pplu,218
44.66,-1.88759,397.46,pplu,218
44.92,-1.41088,397.577,pplu,218
45.11,-1.93746,397.476,pplu,218
45.23,-1.72745,397.583,pplu,218
45.42,-1.63592,397.604,pplu,218
45.63,-1.46916,397.67,pplu,218
45.81,-1.80192,397.609,pplu,218
45.97,-1.44783,397.714,pplu,218
46.17,-1.61618,397.709,pplu,218
46.39,-1.55176,397.71,pplu,218
46.57,-1.7345,397.681,pplu,218
46.7,-1.34261,397.804,pplu,218
46.88,-1.72375,397.718,pplu,218
47.12,-1.74982,397.753,pplu,218
47.26,-1.47646,397.844,pplu,218
47.38,-1.76417,397.783,pplu,218
47.57,-1.33042,397.891,pplu,218
47.75,-1.44897,397.844,pplu,218
48,-1.27662,397.871,pplu,218
48.12,-1.45877,397.809,pplu,218
48.32,-1.45944,397.867,pplu,218
48.5,-1.17155,397.95,pplu,218
48.66,-1.58207,397.884,pplu,218
48.79,-1.41801,397.937,pplu,218
48.99,-1.65264,397.914,pplu,218
49.21,-1.96989,397.858,pplu,218
49.3,-1.63529,397.913,pplu,218
49.47,-1.44127,397.978,pplu,218
49.76,-1.6255,397.957,pplu,218
49.93,-1.73625,397.939,pplu,218
50.07,-1.50403,397.999,pplu,218
50.16,-1.09258,398.111,pplu,218
50.38,-1.20495,398.103,pplu,218
50.64,-1.3866,398.082,pplu,218
50.7,-1.40535,398.094,pplu,218
50.91,-1.43133,398.118,pplu,218
51.11,-1.8045,397.991,pplu,218
51.31,-1.54432,398.053,pplu,218
51.47,-1.48442,398.088,pplu,218
51.58,-1.37231,398.15,pplu,218
51.78,-1.16461,398.22,pplu,218
52,-1.83256,398.042,pplu,218
52.17,-1.48137,398.132,pplu,218
52.26,-1.57163,398.132,pplu,218
52.52,-1.67412,398.147,pplu,218
52.76,-1.57947,398.18,pplu,218
52.86,-1.6167,398.173,pplu,218
52.99,-1.86874,398.12,pplu,218
53.15,-1.0122,398.325,pplu,218
53.42,-1.72563,398.191,pplu,218
53.58,-1.33053,398.296,pplu,218
53.65,-1.53214,398.245,pplu,218
53.85,-1.22505,398.311,pplu,218
54.14,-1.6432,398.219,pplu,218
54.34,-1.18777,398.337,pplu,218
54.67,-1.52318,398.283,pplu,218
54.73,-1.25196,398.329,pplu,218
55.14,-1.83856,398.226,pplu,218
55.39,-1.67541,398.287,pplu,218
55.54,-1.075,398.448,pplu,218
55.61,-1.32519,398.381,pplu,218
55.79,-1.61291,398.34,pplu,218
55.98,-1.5046,398.343,pplu,218
56.16,-1.82862,398.28,pplu,218
56.32,-1.42668,398.377,pplu,218
56.5,-1.42278,398.393,pplu,218
56.77,-1.37427,398.446,pplu,218
56.91,-1.34848,398.422,pplu,218
57.03,-1.38988,398.45,pplu,218
57.26,-1.39993,398.446,pplu,218
57.49,-1.41571,398.475,pplu,218
57.7,-1.20327,398.486,pplu,218
57.81,-1.35109,398.493,pplu,218
58.03,-1.32791,398.5,pplu,218
58.19,-2.06005,398.338,pplu,218
58.34,-1.15867,398.541,pplu,218
58.42,-1.73919,398.39,pplu,218
58.74,-1.03714,398.614,pplu,218
58.97,-1.54193,398.493,pplu,218
59.07,-1.60796,398.492,pplu,218
59.15,-1.53523,398.511,pplu,218
59.39,-1.492,398.536,pplu,218
59.6,-1.43128,398.552,pplu,218
59.76,-1.50858,398.562,pplu,218
59.9,-1.54515,398.572,pplu,218
60.1,-1.43928,398.598,pplu,218
60.31,-1.5716,398.575,pplu,218
60.44,-1.10506,398.703,pplu,218
60.56,-1.64583,398.571,pplu,218
60.84,-1.50854,398.613,pplu,218
60.98,-1.37007,398.68,pplu,218
61.16,-1.36985,398.706,pplu,218
61.31,-1.04556,398.789,pplu,218
61.49,-1.33136,398.714,pplu,218
61.72,-1.56699,398.697,pplu,218
61.89,-1.38647,398.753,pplu,218
61.99,-1.39356,398.731,pplu,218
62.18,-1.63671,398.698,pplu,218
62.44,-1.49805,398.749,pplu,218
62.6,-1.28577,398.812,pplu,218
62.64,-1.36002,398.799,pplu,218
62.91,-1.48996,398.771,pplu,218
63.09,-1.6165,398.742,pplu,218
63.28,-1.59996,398.766,pplu,218
63.44,-1.3044,398.845,pplu,218
63.6,-1.45909,398.825,pplu,218
63.82,-1.56499,398.823,pplu,218
63.95,-1.32712,398.893,pplu,218
64.06,-1.58043,398.847,pplu,218
64.24,-1.20067,398.942,pplu,218
64.54,-1.50124,398.91,pplu,218
64.73,-1.26734,398.949,pplu,218
64.85,-1.37311,398.925,pplu,218
65.09,-1.15944,399.034,pplu,218
65.33,-1.59322,398.93,pplu,218
65.42,-1.42356,398.991,pplu,218
65.58,-0.983685,399.089,pplu,218
65.78,-1.1783,399.047,pplu,218
66.03,-1.03818,399.105,pplu,218
66.11,-1.41747,399.005,pplu,218
66.32,-1.3904,399.056,pplu,218
66.54,-1.38168,399.054,pplu,218
66.66,-1.17249,399.158,pplu,218
66.75,-1.46208,399.083,pplu,218
66.98,-1.46104,399.098,pplu,218
67.23,-1.27999,399.161,pplu,218
67.42,-0.997965,399.235,pplu,218
67.51,-1.44872,399.159,pplu,218
67.63,-1.20336,399.226,pplu,218
67.93,-1.14248,399.251,pplu,218
68.12,-1.42495,399.222,pplu,218
68.23,-1.35301,399.246,pplu,218
68.41,-1.6659,399.149,pplu,218
68.64,-1.47676,399.203,pplu,218
68.86,-1.47741,399.233,pplu,218
68.91,-1.11181,399.315,pplu,218
69.1,-1.47745,399.249,pplu,218
69.28,-1.25322,399.314,pplu,218
69.46,-1.77583,399.231,pplu,218
69.69,-1.47692,399.301,pplu,218
69.82,-1.10206,399.417,pplu,218
69.99,-1.39106,399.531,pplu,218
70.2,-1.19859,400.038,pplu,218
70.36,-1.28115,399.83,pplu,218
70.49,-1.62297,399.703,pplu,218
70.71,-1.35591,399.737,pplu,218
70.93,-1.61218,399.664,pplu,218
71.08,-1.76509,399.609,pplu,218
71.13,-1.40468,399.684,pplu,218
71.41,-1.41347,399.721,pplu,218
71.68,-1.62699,399.678,pplu,218
71.76,-1.34061,399.776,pplu,218
71.84,-1.12029,399.831,pplu,218
72.11,-1.08328,399.842,pplu,218
72.35,-1.12054,399.864,pplu,218
72.43,-1.43892,399.811,pplu,218
72.82,-1.33552,399.905,pplu,218
73.16,-1.18962,399.969,pplu,218
73.22,-1.80565,399.832,pplu,218
73.45,-1.28706,399.995,pplu,218
73.59,-1.33465,400.037,pplu,218
73.68,-1.21584,400.055,pplu,218
73.85,-1.42175,400.046,pplu,218
74.08,-2.04792,399.932,pplu,218
74.34,-1.39686,400.134,pplu,218
74.41,-1.39156,400.159,pplu,218
74.61,-0.862138,400.35,pplu,218
74.87,-1.25796,400.281,pplu,218
75,-1.59655,400.198,pplu,218
75.07,-1.72105,400.213,pplu,218
75.28,-1.10436,400.432,pplu,218
75.57,-1.40129,400.387,pplu,218
75.69,-1.25074,400.486,pplu,218
75.8,-1.3919,400.477,pplu,218
76.02,-1.49703,400.485,pplu,218
76.2,-1.49156,400.58,pplu,218
76.44,-1.38518,400.636,pplu,218
76.56,-1.37158,400.663,pplu,218
76.82,-1.60011,400.634,pplu,218
76.98,-1.66364,400.736,pplu,218
77.09,-1.60956,401.151,pplu,218
77.27,-1.58294,401.533,pplu,218
77.48,-1.04911,401.678,pplu,218
77.79,-1.24358,401.574,pplu,218
77.85,-1.38425,401.521,pplu,218
78,-1.0994,401.65,pplu,218
78.22,-1.75367,401.529,pplu,218
78.38,-1.17492,401.739,pplu,218
78.55,-1.28301,401.74,pplu,218
78.72,-1.50125,401.722,pplu,218
78.94,-1.59227,401.756,pplu,218
79.1,-1.45631,401.834,pplu,218
79.18,-1.48828,401.899,pplu,218
79.41,-1.64408,401.928,pplu,218
79.63,-1.10653,402.147,pplu,218
79.86,-1.22064,402.189,pplu,218
79.98,-1.49042,402.19,pplu,218
80.08,-1.2294,402.368,pplu,218
80.3,-1.38575,402.382,pplu,218
80.53,-1.02324,402.613,pplu,218
80.68,-1.62206,402.546,pplu,218
80.7,-2.07131,402.554,pplu,218
80.92,-0.996503,403.053,pplu,218
81.28,-1.11429,403.342,pplu,218
81.38,-1.22934,403.549,pplu,218
81.48,-1.55174,403.632,pplu,218
81.71,-1.46842,403.709,pplu,218
81.93,-0.712822,404.03,pplu,218
82.09,-0.731578,404.131,pplu,218
82.18,-1.51389,404.067,pplu,218
82.38,-1.48005,404.213,pplu,218
82.63,-1.38637,404.415,pplu,218
82.78,-1.11192,404.605,pplu,218
82.95,-0.822625,404.869,pplu,218
83.06,-0.748734,405.035,pplu,218
83.31,-1.18914,405.094,pplu,218
83.5,-1.26297,405.374,pplu,218
83.64,-1.31483,405.733,pplu,218
83.87,-1.35072,406.015,pplu,218
83.98,-1.23902,406.243,pplu,218
84.2,-0.981443,406.478,pplu,218
84.31,-0.897355,406.682,pplu,218
84.45,-0.780719,406.863,pplu,218
84.78,-1.1693,406.928,pplu,218
84.97,-1.0694,407.19,pplu,218
85.02,-0.882573,407.563,pplu,218
85.32,-0.618558,407.821,pplu,218
85.57,-0.688444,408.008,pplu,218
85.61,-0.509516,408.321,pplu,218
85.86,-1.17901,408.852,pplu,218
86.22,-0.734939,409.374,pplu,218
86.37,-0.194994,409.633,pplu,218
86.42,-0.554537,409.714,pplu,218
86.54,-0.639771,409.901,pplu,218
86.8,-0.384299,410.178,pplu,218
87.04,-0.52171,410.323,pplu,218
87.14,0.197663,410.656,pplu,218
87.26,-0.442176,410.69,pplu,218
87.54,-0.365968,410.874,pplu,218
87.75,-0.194083,411.254,pplu,218
88.11,-0.673646,411.392,pplu,218
88.53,0.479359,411.734,pplu,218
88.63,0.0856165,411.81,pplu,218
88.92,0.282406,411.893,pplu,218
89.08,0.00128838,411.881,pplu,218
89.18,0.365362,411.975,pplu,218
89.4,0.871885,412.09,pplu,218
89.67,0.359206,411.968,pplu,218
89.71,0.193359,411.893,pplu,218
89.87,0.282089,411.885,pplu,218
90.07,0.904936,411.995,pplu,218
90.28,0.136664,411.72,pplu,218
90.36,0.764924,411.823,pplu,218
90.67,0.78712,412.885,pplu,218
90.87,0.643369,412.16,pplu,218
91.02,0.569271,411.895,pplu,218
91.1,0.221663,411.704,pplu,218
91.3,0.987012,411.759,pplu,218
91.53,0.466723,411.549,pplu,218
91.62,0.557882,411.472,pplu,218
91.86,0.610896,411.414,pplu,218
92.02,0.0341639,411.192,pplu,218
92.17,0.388825,411.241,pplu,218
92.53,0.440589,411.178,pplu,218
92.71,0.329434,411.159,pplu,218
93.09,0.652429,412.134,pplu,218
93.21,0.225966,411.66,pplu,218
93.61,0.796144,411.77,pplu,218
93.71,0.105471,411.536,pplu,218
93.81,0.00185745,411.475,pplu,218
94.04,0.952252,411.639,pplu,218
94.24,0.440495,411.629,pplu,218
94.38,0.0710643,411.923,pplu,218
94.65,0.269313,412.016,pplu,218
94.7,0.817484,412.073,pplu,218
94.83,0.314838,411.867,pplu,218
95.13,0.595902,411.859,pplu,218
95.38,0.707454,411.841,pplu,218
95.42,0.663874,411.805,pplu,218
95.54,0.0702527,411.63,pplu,218
95.82,0.435537,411.721,pplu,218
95.99,0.571394,411.713,pplu,218
96.1,0.755803,411.811,pplu,218
96.34,0.305717,411.685,pplu,218
96.5,0.679953,411.765,pplu,218
96.69,0.513098,411.745,pplu,218
96.84,0.233039,411.683,pplu,218
96.92,0.272919,411.64,pplu,218
97.2,0.228684,411.602,pplu,218
97.44,0.224928,411.545,pplu,218
97.54,0.386165,411.538,pplu,218
97.89,0.743329,411.594,pplu,218
98.11,0.290458,411.472,pplu,218
29.99,-3.37297,414.396,amac,218
30.19,-3.43126,414.28,amac,218
30.46,-3.53775,414.287,amac,218
30.61,-3.37837,414.335,amac,218
30.78,-2.97832,414.449,amac,218
31.02,-3.93506,414.278,amac,218
31.24,-3.60942,414.359,amac,218
31.42,-4.12068,414.25,amac,218
31.5,-3.76762,414.371,amac,218
31.64,-3.41823,414.499,amac,218
31.89,-4.00969,414.336,amac,218
32.08,-3.52815,414.428,amac,218
32.2,-3.95723,414.409,amac,218
32.39,-3.22981,414.6,amac,218
32.59,-3.29777,414.639,amac,218
32.74,-3.48111,414.624,amac,218
32.89,-3.34727,414.701,amac,218
33.09,-3.76138,414.623,amac,218
33.32,-3.61833,414.71,amac,218
33.48,-3.84299,414.721,amac,218
33.61,-3.41987,414.836,amac,218
33.77,-3.59914,414.84,amac,218
34,-3.5503,414.889,amac,218
34.17,-3.39439,414.944,amac,218
34.25,-3.89587,414.815,amac,218
34.47,-3.47244,414.999,amac,218
34.71,-3.51637,414.984,amac,218
34.88,-3.19187,415.095,amac,218
34.99,-3.07433,415.136,amac,218
35.18,-3.29306,415.11,amac,218
35.39,-3.52962,415.097,amac,218
35.57,-2.84654,415.289,amac,218
35.71,-3.55307,415.161,amac,218
35.91,-3.55619,415.225,amac,218
36.11,-3.59571,415.229,amac,218
36.24,-3.62627,415.244,amac,218
36.39,-3.36083,415.339,amac,218
36.61,-3.92822,415.225,amac,218
36.81,-3.43514,415.427,amac,218
36.94,-3.97295,415.318,amac,218
37.06,-3.51024,415.474,amac,218
37.3,-3.62148,415.49,amac,218
37.52,-3.08225,415.665,amac,218
37.66,-3.01955,415.706,amac,218
37.78,-3.18635,415.767,amac,218
37.98,-3.42478,415.713,amac,218
38.19,-3.72211,415.66,amac,218
38.4,-3.3461,415.813,amac,218
38.46,-3.20927,415.836,amac,218
38.66,-3.0926,415.929,amac,218
38.91,-3.55318,415.856,amac,218
39.11,-3.46619,415.883,amac,218
39.21,-3.05005,416.074,amac,218
39.41,-3.37263,416.036,amac,218
39.6,-3.12543,416.143,amac,218
39.74,-3.75997,416.001,amac,218
39.91,-3.49422,416.067,amac,218
40.11,-3.5434,416.086,amac,218
40.33,-3.26383,416.208,amac,218
40.51,-3.54186,416.106,amac,218
40.6,-3.20429,416.25,amac,218
40.79,-3.53107,416.177,amac,218
41.01,-2.76454,416.46,amac,218
41.15,-3.7442,416.176,amac,218
41.31,-3.19648,416.359,amac,218
41.47,-2.96761,416.454,amac,218
41.7,-3.50311,416.316,amac,218
41.87,-3.67506,416.301,amac,218
41.97,-3.51275,416.356,amac,218
42.13,-3.45966,416.372,amac,218
42.41,-3.64201,416.395,amac,218
42.59,-3.59923,416.443,amac,218
42.71,-3.32358,416.506,amac,218
42.92,-3.28788,416.579,amac,218
43.1,-4.14134,416.375,amac,218
43.25,-3.7308,416.477,amac,218
43.36,-3.47375,416.491,amac,218
43.58,-3.10928,416.494,amac,218
43.83,-3.12709,416.544,amac,218
43.98,-3.26387,416.537,amac,218
44.11,-3.21928,416.553,amac,218
44.3,-3.43987,416.569,amac,218
44.52,-3.40675,416.498,amac,218
44.66,-3.42396,416.461,amac,218
44.76,-2.74221,416.636,amac,218
44.99,-3.60301,416.463,amac,218
45.23,-3.66573,416.464,amac,218
45.38,-3.12087,416.681,amac,218
45.47,-3.45955,416.57,amac,218
45.69,-2.98972,416.71,amac,218
45.9,-3.06967,416.741,amac,218
46.07,-3.02377,416.76,amac,218
46.19,-3.24533,416.715,amac,218
46.39,-3.19269,416.787,amac,218
46.61,-3.18711,416.826,amac,218
46.79,-3.58507,416.77,amac,218
46.88,-3.50751,416.775,amac,218
47.11,-3.56526,416.754,amac,218
47.29,-3.79388,416.674,amac,218
47.48,-3.76513,416.742,amac,218
47.54,-3.23491,416.723,amac,218
47.8,-3.16373,416.726,amac,218
48.04,-3.99273,416.519,amac,218
48.21,-3.4616,416.643,amac,218
48.35,-3.18016,416.78,amac,218
48.49,-3.52724,416.707,amac,218
48.68,-3.65613,416.708,amac,218
48.92,-3.55777,416.712,amac,218
49.03,-3.13428,416.823,amac,218
49.19,-3.28298,416.816,amac,218
49.4,-2.87969,416.953,amac,218
49.61,-3.09674,416.922,amac,218
49.78,-3.12184,416.928,amac,218
50,-3.04525,416.964,amac,218
50.23,-3.11138,416.984,amac,218
50.36,-3.35054,416.93,amac,218
50.45,-3.26633,416.948,amac,218
50.72,-3.72732,416.827,amac,218
50.94,-3.52119,416.904,amac,218
51.07,-3.58622,416.936,amac,218
51.18,-3.77513,416.86,amac,218
51.38,-3.24151,417.011,amac,218
51.56,-3.63865,416.878,amac,218
51.76,-3.49456,416.992,amac,218
51.91,-2.9964,417.17,amac,218
52.13,-3.4246,417.092,amac,218
52.29,-2.97985,417.159,amac,218
52.47,-2.95572,417.16,amac,218
52.58,-3.24202,417.127,amac,218
52.8,-2.93112,417.245,amac,218
53.05,-3.48143,417.103,amac,218
53.15,-3.11427,417.234,amac,218
53.24,-3.49665,417.129,amac,218
53.43,-3.40526,417.165,amac,218
53.79,-3.44199,417.233,amac,218
53.96,-3.59352,417.228,amac,218
54.03,-3.67847,417.109,amac,218
54.19,-3.19746,417.239,amac,218
54.42,-3.16011,417.287,amac,218
54.56,-3.39711,417.243,amac,218
54.71,-3.19198,417.279,amac,218
54.88,-3.31709,417.283,amac,218
55.1,-3.33766,417.276,amac,218
55.28,-3.34876,417.269,amac,218
55.39,-3.1787,417.329,amac,218
55.58,-3.24968,417.332,amac,218
55.8,-3.49285,417.263,amac,218
55.97,-2.77709,417.472,amac,218
56.09,-3.88206,417.213,amac,218
56.35,-3.46992,417.303,amac,218
56.51,-3.28813,417.353,amac,218
56.65,-3.45564,417.281,amac,218
56.77,-3.76301,417.187,amac,218
56.96,-3.25671,417.329,amac,218
57.22,-3.2582,417.404,amac,218
57.38,-2.96841,417.464,amac,218
57.45,-3.19021,417.41,amac,218
57.72,-3.30766,417.397,amac,218
57.93,-2.71685,417.581,amac,218
58.07,-3.12729,417.477,amac,218
58.2,-3.17997,417.447,amac,218
58.39,-3.40048,417.443,amac,218
58.6,-3.7765,417.359,amac,218
58.73,-2.97659,417.611,amac,218
58.81,-2.98374,417.602,amac,218
59.1,-3.50792,417.512,amac,218
59.35,-3.67124,417.505,amac,218
59.49,-2.94031,417.688,amac,218
59.58,-3.11582,417.656,amac,218
59.74,-4.09136,417.405,amac,218
59.98,-3.27715,417.634,amac,218
60.25,-3.03479,417.696,amac,218
60.32,-3.19586,417.645,amac,218
60.5,-3.29881,417.645,amac,218
60.7,-3.10282,417.713,amac,218
60.85,-2.91486,417.752,amac,218
60.96,-3.51605,417.595,amac,218
61.19,-2.95395,417.769,amac,218
61.43,-3.10356,417.753,amac,218
61.59,-3.5402,417.671,amac,218
61.67,-3.15642,417.781,amac,218
61.91,-3.40414,417.718,amac,218
62.16,-3.75251,417.645,amac,218
62.3,-3.43755,417.767,amac,218
62.35,-3.45325,417.738,amac,218
62.58,-3.11924,417.851,amac,218
62.81,-3.54972,417.785,amac,218
63.03,-2.79465,418.002,amac,218
63.15,-3.40951,417.852,amac,218
63.35,-2.63095,418.045,amac,218
63.65,-2.87226,417.995,amac,218
63.77,-3.70637,417.796,amac,218
63.91,-2.90719,418.008,amac,218
64.14,-3.36476,417.939,amac,218
64.33,-2.87124,418.086,amac,218
64.42,-3.15623,418.05,amac,218
64.65,-3.63922,417.929,amac,218
65.01,-3.46518,418.033,amac,218
65.1,-3.01134,418.19,amac,218
65.27,-3.13975,418.182,amac,218
65.46,-3.53906,418.095,amac,218
65.76,-2.81582,418.27,amac,218
65.8,-2.86108,418.335,amac,218
65.96,-3.18656,418.281,amac,218
66.21,-3.04528,418.51,amac,218
66.42,-3.69827,418.62,amac,218
66.5,-3.14111,418.953,amac,218
66.7,-3.41348,418.916,amac,218
66.91,-3.45948,418.781,amac,218
67.09,-2.79566,418.862,amac,218
67.22,-3.67751,418.651,amac,218
67.43,-3.34419,418.714,amac,218
67.61,-3.54611,418.669,amac,218
67.81,-3.30636,418.728,amac,218
67.95,-3.53789,418.711,amac,218
68.11,-2.71523,418.978,amac,218
68.28,-3.73137,418.727,amac,218
68.53,-3.07768,418.932,amac,218
68.65,-3.1098,418.955,amac,218
68.79,-2.52359,419.151,amac,218
69.01,-3.21139,418.97,amac,218
69.21,-3.26014,418.994,amac,218
69.35,-2.91745,419.154,amac,218
69.49,-3.1992,419.102,amac,218
69.67,-3.36216,419.141,amac,218
69.94,-2.87584,419.32,amac,218
70.07,-3.47309,419.207,amac,218
70.11,-3.42221,419.244,amac,218
70.36,-3.54438,419.256,amac,218
70.68,-3.72906,419.278,amac,218
70.82,-3.33699,419.416,amac,218
70.92,-3.40826,419.446,amac,218
71.03,-3.48734,419.464,amac,218
71.29,-3.12852,419.59,amac,218
71.54,-3.51516,419.521,amac,218
71.65,-3.40011,419.581,amac,218
71.96,-2.77424,419.777,amac,218
72.14,-2.93194,419.765,amac,218
72.37,-3.35281,419.744,amac,218
72.63,-3.27447,419.782,amac,218
72.78,-2.9332,419.908,amac,218
72.97,-3.47951,419.807,amac,218
73.1,-3.50255,419.847,amac,218
73.35,-3.65493,419.851,amac,218
73.48,-2.82765,420.105,amac,218
73.62,-3.59872,419.936,amac,218
73.77,-3.28779,420.08,amac,218
73.99,-3.55238,420.034,amac,218
74.27,-2.70467,420.234,amac,218
74.3,-3.33532,420.136,amac,218
74.49,-3.03306,420.248,amac,218
74.7,-3.38298,420.172,amac,218
74.88,-2.88275,420.359,amac,218
74.98,-3.05764,420.349,amac,218
75.25,-3.87805,420.19,amac,218
75.44,-3.04568,420.457,amac,218
75.62,-3.2633,420.45,amac,218
75.78,-2.70711,420.635,amac,218
76.03,-3.33958,420.484,amac,218
76.19,-3.54191,420.535,amac,218
76.38,-3.44161,420.584,amac,218
76.53,-3.34236,420.645,amac,218
76.72,-2.78163,420.822,amac,218
76.95,-3.2692,420.731,amac,218
77.06,-3.4168,420.71,amac,218
77.15,-3.41174,420.749,amac,218
77.38,-2.85164,420.953,amac,218
77.66,-3.1258,420.943,amac,218
77.77,-3.33107,420.961,amac,218
77.86,-3.05907,421.079,amac,218
78.09,-3.19408,421.092,amac,218
78.32,-2.72484,421.287,amac,218
78.47,-2.62878,421.395,amac,218
78.57,-3.1881,421.272,amac,218
78.8,-3.4597,421.285,amac,218
79.03,-3.19726,421.441,amac,218
79.15,-3.41918,421.454,amac,218
79.26,-3.21146,421.621,amac,218
79.53,-3.18842,421.745,amac,218
79.74,-3.20087,421.869,amac,218
79.89,-3.31207,421.969,amac,218
79.94,-2.72381,422.268,amac,218
80.23,-2.70109,422.446,amac,218
80.44,-2.31976,422.72,amac,218
80.52,-2.9828,422.777,amac,218
80.64,-2.64311,423.066,amac,218
80.85,-2.84767,423.237,amac,218
81.2,-2.78432,423.509,amac,218
81.29,-2.65262,423.758,amac,218
81.3,-2.4216,424.004,amac,218
81.65,-2.42661,424.177,amac,218
81.85,-2.93278,424.233,amac,218
81.93,-2.589,424.453,amac,218
82.05,-2.48649,424.579,amac,218
82.36,-2.04041,424.781,amac,218
82.53,-2.13725,424.806,amac,218
82.63,-1.75131,424.928,amac,218
82.78,-2.21725,424.832,amac,218
83.01,-2.38126,424.763,amac,218
83.24,-1.83176,424.901,amac,218
83.36,-1.49018,424.953,amac,218
83.47,-1.98579,424.786,amac,218
83.75,-1.41767,424.87,amac,218
83.93,-0.991141,424.915,amac,218
84.07,-0.752476,424.923,amac,218
84.19,-1.59956,424.57,amac,218
84.37,-0.906067,424.655,amac,218
84.65,-1.44498,424.429,amac,218
84.75,-1.20233,424.428,amac,218
84.88,-1.01878,424.345,amac,218
85.1,-1.27678,424.235,amac,218
85.25,-0.784353,424.272,amac,218
85.54,-1.53211,424.012,amac,218
85.73,-0.520329,424.183,amac,218
86.16,-0.70588,424.085,amac,218
86.24,-0.654762,424.063,amac,218
86.46,-1.05057,423.895,amac,218
86.71,-0.846561,423.931,amac,218
86.89,-0.506131,423.964,amac,218
86.92,-0.9017,423.845,amac,218
87.2,-1.43209,423.692,amac,218
87.48,-0.744168,423.855,amac,218
87.67,-1.03666,423.767,amac,218
87.72,-1.17932,423.659,amac,218
87.87,-0.955804,423.727,amac,218
88.3,-0.541276,423.823,amac,218
88.4,-0.681257,423.742,amac,218
88.55,-0.102439,423.873,amac,218
88.77,-1.13076,423.605,amac,218
88.92,-0.934528,423.593,amac,218
89.06,-1.0366,423.532,amac,218
89.32,-0.482146,423.656,amac,218
89.48,-1.17598,423.466,amac,218
89.72,-0.74724,423.575,amac,218
89.81,0.0365202,423.747,amac,218
90.09,-1.05139,423.576,amac,218
90.27,-0.458117,423.834,amac,218
90.46,-0.915478,423.799,amac,218
90.67,-0.599271,423.838,amac,218
90.8,-0.996804,423.601,amac,218
91.03,-0.305746,423.663,amac,218
91.18,-0.185099,423.575,amac,218
91.25,-0.674339,423.436,amac,218
91.45,-0.291555,423.468,amac,218
91.74,-0.683199,423.381,amac,218
91.94,-0.63747,423.408,amac,218
92.05,-0.615056,423.507,amac,218
92.39,-0.500447,423.582,amac,218
92.48,-0.449155,423.645,amac,218
92.51,-0.95166,423.557,amac,218
92.84,-0.645024,423.681,amac,218
93.07,-0.404559,424.102,amac,218
93.15,-0.69612,424.125,amac,218
93.38,-0.878955,424.157,amac,218
93.49,-1.17451,424.162,amac,218
93.62,-0.790786,424.289,amac,218
93.98,-0.747529,424.39,amac,218
94.02,-0.734046,424.535,amac,218
94.13,-0.499255,424.706,amac,218
94.45,-1.5341,424.534,amac,218
94.63,-0.936202,424.663,amac,218
94.71,-0.942,424.582,amac,218
94.85,-0.515543,424.658,amac,218
95.04,-1.05491,424.501,amac,218
95.37,-0.426788,424.675,amac,218
95.41,-0.901741,424.824,amac,218
95.7,-0.24277,425.352,amac,218
96.01,-0.850226,425.543,amac,218
96.16,-0.654461,425.862,amac,218
96.43,-0.552041,426.048,amac,218
96.64,-0.963984,426.003,amac,218
96.79,-0.613525,426.13,amac,218
96.86,-1.49898,425.948,amac,218
97.07,-0.827844,426.042,amac,218
97.37,-0.671296,426.048,amac,218
97.47,-1.03693,426.038,amac,218
97.51,-0.609136,426.271,amac,218
97.86,-0.970726,426.194,amac,218
98.04,-0.452921,426.335,amac,218
29.99,-3.07553,383.701,amacV14L,218
30.16,-3.00383,383.739,amacV14L,218
30.46,-2.6436,383.846,amacV14L,218
30.62,-3.17073,383.705,amacV14L,218
30.8,-3.21047,383.728,amacV14L,218
30.99,-3.10481,383.759,amacV14L,218
31.19,-2.90442,383.805,amacV14L,218
31.34,-2.99209,383.792,amacV14L,218
31.48,-3.31846,383.753,amacV14L,218
31.66,-3.3242,383.773,amacV14L,218
31.92,-2.72358,383.907,amacV14L,218
32.04,-3.14199,383.83,amacV14L,218
32.2,-3.47958,383.752,amacV14L,218
32.39,-3.1419,383.864,amacV14L,218
32.61,-3.13216,383.9,amacV14L,218
32.73,-3.26627,383.888,amacV14L,218
32.87,-3.56006,383.837,amacV14L,218
33.09,-2.93381,384.029,amacV14L,218
33.31,-3.16476,383.992,amacV14L,218
33.41,-3.46953,383.977,amacV14L,218
33.56,-3.34234,384.04,amacV14L,218
33.8,-3.24619,384.114,amacV14L,218
34,-3.46047,384.122,amacV14L,218
34.12,-3.57179,384.13,amacV14L,218
34.27,-3.15114,384.25,amacV14L,218
34.52,-3.18877,384.256,amacV14L,218
34.74,-3.26995,384.312,amacV14L,218
34.81,-3.43575,384.281,amacV14L,218
34.95,-2.99414,384.451,amacV14L,218
35.17,-3.1199,384.463,amacV14L,218
35.4,-3.37735,384.473,amacV14L,218
35.55,-3.22532,384.574,amacV14L,218
35.69,-3.09401,384.645,amacV14L,218
35.89,-3.15827,384.731,amacV14L,218
36.1,-2.86789,384.842,amacV14L,218
36.21,-3.41528,384.742,amacV14L,218
36.38,-3.7525,384.677,amacV14L,218
36.59,-3.22759,384.865,amacV14L,218
36.81,-2.9959,385.008,amacV14L,218
36.95,-3.48926,384.889,amacV14L,218
37.08,-3.33325,384.971,amacV14L,218
37.3,-3.29387,385.042,amacV14L,218
37.53,-3.12362,385.126,amacV14L,218
37.63,-3.14369,385.183,amacV14L,218
37.76,-3.41822,385.153,amacV14L,218
38,-2.94593,385.315,amacV14L,218
38.18,-3.19329,385.3,amacV14L,218
38.29,-3.5386,385.255,amacV14L,218
38.5,-3.40751,385.339,amacV14L,218
38.73,-2.80977,385.517,amacV14L,218
38.93,-3.38205,385.384,amacV14L,218
39.08,-3.27949,385.511,amacV14L,218
39.27,-3.21705,385.572,amacV14L,218
39.48,-3.28845,385.603,amacV14L,218
39.69,-2.90101,385.703,amacV14L,218
39.82,-3.24887,385.652,amacV14L,218
39.99,-3.49977,385.589,amacV14L,218
40.18,-3.53287,385.63,amacV14L,218
40.41,-3.42726,385.669,amacV14L,218
40.5,-3.65618,385.671,amacV14L,218
40.67,-3.20649,385.82,amacV14L,218
40.92,-3.5548,385.705,amacV14L,218
41.05,-3.46656,385.787,amacV14L,218
41.21,-3.29133,385.898,amacV14L,218
41.44,-2.59315,386.111,amacV14L,218
41.63,-3.44659,385.928,amacV14L,218
41.74,-3.14448,386.044,amacV14L,218
41.89,-3.31215,386.059,amacV14L,218
42.11,-3.35909,386.073,amacV14L,218
42.31,-3.04584,386.177,amacV14L,218
42.51,-2.7641,386.273,amacV14L,218
42.62,-3.15289,386.169,amacV14L,218
42.79,-3.00918,386.286,amacV14L,218
42.97,-3.31432,386.206,amacV14L,218
43.14,-3.26634,386.275,amacV14L,218
43.26,-3.35974,386.29,amacV14L,218
43.5,-3.39807,386.31,amacV14L,218
43.76,-3.30331,386.35,amacV14L,218
43.88,-3.12143,386.367,amacV14L,218
43.95,-3.23367,386.369,amacV14L,218
44.14,-3.37105,386.376,amacV14L,218
44.46,-2.95967,386.508,amacV14L,218
44.61,-3.42628,386.401,amacV14L,218
44.8,-3.41533,386.436,amacV14L,218
45.02,-3.13832,386.586,amacV14L,218
45.22,-3.01241,386.637,amacV14L,218
45.3,-2.85385,386.732,amacV14L,218
45.5,-3.30941,386.674,amacV14L,218
45.71,-2.95911,386.783,amacV14L,218
45.95,-3.28088,386.743,amacV14L,218
46.08,-2.76858,386.905,amacV14L,218
46.16,-3.1469,386.845,amacV14L,218
46.36,-3.04844,386.873,amacV14L,218
46.6,-3.29615,386.874,amacV14L,218
46.73,-2.53359,387.114,amacV14L,218
46.87,-2.99393,387.012,amacV14L,218
47.09,-3.5805,386.932,amacV14L,218
47.29,-3.36481,387.013,amacV14L,218
47.44,-3.1593,387.079,amacV14L,218
47.57,-3.52523,387.032,amacV14L,218
47.84,-2.88501,387.245,amacV14L,218
48.01,-3.35071,387.153,amacV14L,218
48.14,-3.11778,387.213,amacV14L,218
48.27,-3.25325,387.179,amacV14L,218
48.47,-3.30353,387.212,amacV14L,218
48.73,-2.83397,387.353,amacV14L,218
48.91,-2.85207,387.426,amacV14L,218
49,-3.64536,387.28,amacV14L,218
49.21,-3.47103,387.368,amacV14L,218
49.41,-3.20752,387.495,amacV14L,218
49.54,-2.65584,387.663,amacV14L,218
49.68,-2.90935,387.546,amacV14L,218
49.85,-3.73121,387.336,amacV14L,218
50.11,-2.99878,387.583,amacV14L,218
50.33,-3.57341,387.466,amacV14L,218
50.41,-3.38257,387.554,amacV14L,218
50.63,-3.32209,387.556,amacV14L,218
50.81,-3.12029,387.647,amacV14L,218
50.94,-3.49985,387.594,amacV14L,218
51.07,-3.0479,387.725,amacV14L,218
51.3,-3.32774,387.665,amacV14L,218
51.49,-3.46515,387.639,amacV14L,218
51.66,-3.31491,387.726,amacV14L,218
51.74,-2.75757,387.841,amacV14L,218
52,-3.49385,387.683,amacV14L,218
52.29,-3.57402,387.697,amacV14L,218
52.39,-3.27198,387.821,amacV14L,218
52.49,-3.09134,387.681,amacV14L,218
52.69,-2.99166,387.739,amacV14L,218
52.89,-3.45653,387.69,amacV14L,218
53.1,-3.07377,387.808,amacV14L,218
53.18,-3.17007,387.817,amacV14L,218
53.41,-3.18642,387.839,amacV14L,218
53.63,-3.23598,387.866,amacV14L,218
53.8,-3.40612,387.879,amacV14L,218
53.89,-3.45886,387.775,amacV14L,218
54.07,-3.24282,387.872,amacV14L,218
54.33,-3.18326,387.782,amacV14L,218
54.46,-2.7947,387.836,amacV14L,218
54.59,-2.91234,387.801,amacV14L,218
54.79,-3.06622,387.79,amacV14L,218
55.03,-3.26124,387.773,amacV14L,218
55.17,-3.28325,387.745,amacV14L,218
55.26,-3.19886,387.711,amacV14L,218
55.45,-3.00913,387.8,amacV14L,218
55.76,-3.07622,387.482,amacV14L,218
55.83,-3.61572,387.207,amacV14L,218
56.02,-3.04107,387.252,amacV14L,218
56.22,-3.32959,387.194,amacV14L,218
56.38,-3.08598,387.158,amacV14L,218
56.53,-3.61689,387.096,amacV14L,218
56.67,-2.78596,387.274,amacV14L,218
56.94,-2.81459,387.159,amacV14L,218
57.17,-3.33579,387.072,amacV14L,218
57.29,-3.11161,387.043,amacV14L,218
57.36,-3.43124,387.007,amacV14L,218
57.54,-3.43069,387.023,amacV14L,218
57.77,-3.03318,387.104,amacV14L,218
57.97,-2.89014,387.04,amacV14L,218
58.13,-2.7462,386.964,amacV14L,218
58.34,-2.96646,386.849,amacV14L,218
58.5,-3.31082,386.685,amacV14L,218
58.67,-3.25765,386.627,amacV14L,218
58.79,-2.84866,386.775,amacV14L,218
59.01,-3.46194,386.671,amacV14L,218
59.21,-3.47954,386.473,amacV14L,218
59.39,-3.19339,386.395,amacV14L,218
59.5,-2.91792,386.484,amacV14L,218
59.71,-3.03567,386.241,amacV14L,218
59.89,-3.07577,386.227,amacV14L,218
60.07,-3.04685,386.262,amacV14L,218
60.17,-2.92697,386.322,amacV14L,218
60.4,-3.19742,386.295,amacV14L,218
60.66,-3.34289,386.272,amacV14L,218
60.8,-3.09268,386.354,amacV14L,218
60.88,-2.90919,386.081,amacV14L,218
61.08,-3.05404,386.03,amacV14L,218
61.3,-3.06189,386.04,amacV14L,218
61.49,-3.62546,385.949,amacV14L,218
61.59,-3.15992,386.094,amacV14L,218
61.81,-3.19483,386.004,amacV14L,218
62.05,-2.62969,386.174,amacV14L,218
62.18,-2.97304,386.095,amacV14L,218
62.26,-2.99618,386.119,amacV14L,218
62.46,-3.15331,386.116,amacV14L,218
62.76,-3.45892,385.765,amacV14L,218
62.93,-3.41981,385.777,amacV14L,218
63.01,-3.08001,385.898,amacV14L,218
63.38,-3.22176,385.856,amacV14L,218
63.54,-3.25148,385.728,amacV14L,218
63.62,-2.66022,385.913,amacV14L,218
63.82,-3.03792,385.801,amacV14L,218
64.02,-3.43225,385.738,amacV14L,218
64.24,-2.71001,385.957,amacV14L,218
64.3,-2.92157,385.905,amacV14L,218
64.49,-2.91189,385.934,amacV14L,218
64.7,-3.42451,385.786,amacV14L,218
64.91,-3.03322,385.908,amacV14L,218
65.1,-3.17825,385.89,amacV14L,218
65.19,-2.84894,385.996,amacV14L,218
65.34,-2.88856,386.003,amacV14L,218
65.62,-2.85832,386.045,amacV14L,218
65.74,-3.26584,385.919,amacV14L,218
65.86,-3.52209,385.896,amacV14L,218
66.11,-3.06646,386.038,amacV14L,218
66.35,-2.89203,386.099,amacV14L,218
66.4,-3.25087,386.025,amacV14L,218
66.54,-3.27463,386.083,amacV14L,218
66.76,-3.13649,386.095,amacV14L,218
67.03,-3.05953,386.144,amacV14L,218
67.27,-3.0468,386.156,amacV14L,218
67.36,-2.86627,386.117,amacV14L,218
67.58,-3.36521,386.02,amacV14L,218
67.86,-2.83658,386.16,amacV14L,218
67.91,-2.87645,386.186,amacV14L,218
68.04,-2.90476,386.201,amacV14L,218
68.33,-3.11735,386.145,amacV14L,218
68.52,-3.18916,386.159,amacV14L,218
68.64,-3.31211,386.172,amacV14L,218
68.9,-3.39203,386.183,amacV14L,218
69.13,-3.16604,386.257,amacV14L,218
69.29,-3.28387,386.227,amacV14L,218
69.34,-2.9406,386.383,amacV14L,218
69.56,-3.02713,386.383,amacV14L,218
69.91,-2.88323,386.448,amacV14L,218
70.01,-2.89159,386.453,amacV14L,218
70.18,-2.75394,386.518,amacV14L,218
70.38,-3.41903,386.353,amacV14L,218
70.55,-3.59452,386.34,amacV14L,218
70.78,-2.97906,386.512,amacV14L,218
70.82,-3.04933,386.531,amacV14L,218
71.13,-3.53315,386.423,amacV14L,218
71.39,-3.44292,386.481,amacV14L,218
71.54,-3.13223,386.609,amacV14L,218
71.87,-3.48975,386.548,amacV14L,218
72.08,-3.38375,386.595,amacV14L,218
72.12,-3.17176,386.666,amacV14L,218
72.29,-2.87786,386.771,amacV14L,218
72.49,-2.91314,386.803,amacV14L,218
72.69,-3.27857,386.769,amacV14L,218
72.87,-2.72664,386.905,amacV14L,218
72.98,-3.23832,386.819,amacV14L,218
73.18,-3.0741,386.892,amacV14L,218
73.44,-3.15714,386.91,amacV14L,218
73.53,-3.58836,386.838,amacV14L,218
73.64,-3.21101,386.942,amacV14L,218
73.85,-2.57858,387.152,amacV14L,218
74.13,-3.14484,387.053,amacV14L,218
74.23,-3.15656,387.094,amacV14L,218
74.33,-3.18169,387.12,amacV14L,218
74.68,-2.85704,387.255,amacV14L,218
74.86,-3.80877,387.048,amacV14L,218
74.94,-3.01941,387.286,amacV14L,218
75.08,-3.11659,387.444,amacV14L,218
75.23,-3.17292,387.425,amacV14L,218
75.52,-2.8358,387.533,amacV14L,218
75.67,-3.27901,387.443,amacV14L,218
75.77,-3.2488,387.517,amacV14L,218
75.92,-2.92722,387.654,amacV14L,218
76.22,-3.12321,387.689,amacV14L,218
76.44,-3.21708,387.787,amacV14L,218
76.55,-2.97926,388.061,amacV14L,218
76.77,-3.12797,388.169,amacV14L,218
76.96,-2.97992,388.391,amacV14L,218
77.05,-3.14024,388.526,amacV14L,218
77.34,-3.22352,388.747,amacV14L,218
77.56,-2.61562,389.1,amacV14L,218
77.65,-3.28817,389.184,amacV14L,218
77.72,-2.87063,389.597,amacV14L,218
77.98,-2.68118,389.956,amacV14L,218
78.29,-2.93167,390.256,amacV14L,218
78.38,-2.82198,390.688,amacV14L,218
78.46,-2.52276,391.195,amacV14L,218
78.63,-2.97268,391.453,amacV14L,218
78.91,-2.57384,391.979,amacV14L,218
79.14,-2.38111,392.409,amacV14L,218
79.28,-2.7276,392.872,amacV14L,218
79.49,-1.95589,393.4,amacV14L,218
79.7,-2.23434,393.637,amacV14L,218
79.84,-1.76076,394.039,amacV14L,218
79.99,-2.42322,394.139,amacV14L,218
80.09,-1.80695,394.51,amacV14L,218
80.45,-1.33996,394.811,amacV14L,218
80.65,-1.65949,394.881,amacV14L,218
80.73,-1.7514,394.945,amacV14L,218
80.86,-2.07185,394.932,amacV14L,218
81.1,-1.52055,395.062,amacV14L,218
81.23,-1.64465,395.081,amacV14L,218
81.31,-1.15612,395.232,amacV14L,218
81.57,-1.14774,395.147,amacV14L,218
81.89,-1.00337,395.173,amacV14L,218
82.06,-0.981525,395.094,amacV14L,218
82.16,-1.20035,394.882,amacV14L,218
82.37,-0.98626,394.824,amacV14L,218
82.59,-0.888061,394.713,amacV14L,218
82.64,-1.01958,394.586,amacV14L,218
82.9,-0.723704,394.541,amacV14L,218
83.22,-0.47008,394.453,amacV14L,218
83.36,-0.102731,394.381,amacV14L,218
83.6,-0.658652,394.157,amacV14L,218
83.79,-0.518917,394.088,amacV14L,218
83.97,-0.623114,393.992,amacV14L,218
84.19,-0.352004,393.999,amacV14L,218
84.3,-0.0511707,394.017,amacV14L,218
84.49,-0.479537,393.856,amacV14L,218
84.68,-0.750747,393.744,amacV14L,218
84.81,-1.13063,393.617,amacV14L,218
84.98,-0.676771,393.674,amacV14L,218
85.15,-0.32372,393.719,amacV14L,218
85.4,-0.642633,393.637,amacV14L,218
85.54,-0.335027,393.641,amacV14L,218
85.72,-0.773455,393.535,amacV14L,218
85.93,-0.255007,393.635,amacV14L,218
86.03,-0.832499,393.45,amacV14L,218
86.21,-0.597172,393.456,amacV14L,218
86.39,-0.432271,393.485,amacV14L,218
86.73,-0.869544,393.349,amacV14L,218
86.84,-0.527364,393.394,amacV14L,218
87.13,-0.225214,393.382,amacV14L,218
87.31,-0.231629,393.365,amacV14L,218
87.42,-0.704123,393.195,amacV14L,218
87.61,-0.279076,393.286,amacV14L,218
87.81,-0.491404,393.204,amacV14L,218
88.08,-0.17205,393.295,amacV14L,218
88.27,-0.0399055,393.282,amacV14L,218
88.3,-0.502512,393.081,amacV14L,218
88.66,-0.763639,393.016,amacV14L,218
88.83,-0.265576,393.149,amacV14L,218
88.94,-0.233379,393.045,amacV14L,218
89.07,-0.571081,392.986,amacV14L,218
89.35,-0.295594,393.044,amacV14L,218
89.54,-0.682506,392.928,amacV14L,218
89.77,-0.510902,392.939,amacV14L,218
89.86,-0.447253,392.742,amacV14L,218
90.01,-0.358044,392.344,amacV14L,218
90.27,-0.965048,392.546,amacV14L,218
90.5,-0.413212,392.783,amacV14L,218
90.55,-0.77705,392.559,amacV14L,218
90.81,-0.776014,392.578,amacV14L,218
91.06,-0.364,392.792,amacV14L,218
91.12,-0.591283,392.795,amacV14L,218
91.43,-0.694687,392.673,amacV14L,218
91.69,-0.568992,392.716,amacV14L,218
91.81,-0.253693,392.649,amacV14L,218
91.92,-0.748474,392.385,amacV14L,218
92.19,-0.815945,392.328,amacV14L,218
92.45,-0.573907,392.491,amacV14L,218
92.55,-0.33335,392.662,amacV14L,218
92.68,-0.169545,392.791,amacV14L,218
92.94,-0.586534,392.684,amacV14L,218
93.19,-0.342957,392.672,amacV14L,218
93.25,-0.700656,392.463,amacV14L,218
93.52,-0.330616,392.497,amacV14L,218
93.69,-0.685233,392.433,amacV14L,218
93.92,-0.671295,392.538,amacV14L,218
94.03,-0.341098,392.665,amacV14L,218
94.28,-0.39008,392.711,amacV14L,218
94.54,-0.474394,392.72,amacV14L,218
94.66,-0.810665,392.681,amacV14L,218
94.99,-0.254396,392.811,amacV14L,218
95.12,-0.354712,392.768,amacV14L,218
95.26,-0.178973,392.775,amacV14L,218
95.36,-0.849937,392.612,amacV14L,218
95.57,-0.429518,392.739,amacV14L,218
95.84,-0.77501,392.67,amacV14L,218
96.01,-0.330762,392.741,amacV14L,218
96.11,-0.0487667,392.783,amacV14L,218
96.24,-0.806701,392.777,amacV14L,218
96.54,-0.39282,392.638,amacV14L,218
96.66,-0.817711,392.443,amacV14L,218
96.73,-1.10588,392.321,amacV14L,218
97.05,-0.334667,392.562,amacV14L,218
97.29,-0.0192891,392.878,amacV14L,218
97.34,-0.47716,392.955,amacV14L,218
97.56,-0.406228,393.061,amacV14L,218
97.92,-0.388441,393.071,amacV14L,218
98.08,-0.195461,393.098,amacV14L,218
30,-3.63285,404.875,av,218
30.15,-3.54032,404.752,av,218
30.45,-4.16861,404.587,av,218
30.67,-3.77593,404.687,av,218
30.76,-4.09658,404.62,av,218
30.99,-4.07085,404.622,av,218
31.22,-4.54964,404.502,av,218
31.34,-4.03963,404.655,av,218
31.47,-3.80314,404.74,av,218
31.7,-4.02701,404.664,av,218
31.92,-3.73943,404.781,av,218
32.06,-3.93857,404.728,av,218
32.2,-3.80348,404.806,av,218
32.4,-3.85058,404.805,av,218
32.6,-3.62659,404.891,av,218
32.76,-4.07108,404.803,av,218
32.84,-3.49915,404.962,av,218
33.08,-3.71605,404.945,av,218
33.32,-3.50164,404.996,av,218
33.45,-4.00496,404.839,av,218
33.57,-3.46149,405.023,av,218
33.79,-3.99615,404.896,av,218
34,-4.15073,404.871,av,218
34.15,-4.41875,404.87,av,218
34.3,-3.92727,405.026,av,218
34.49,-4.5887,404.867,av,218
34.7,-4.20354,404.981,av,218
34.81,-4.03658,405.068,av,218
34.98,-3.77633,405.128,av,218
35.2,-4.194,405.031,av,218
35.4,-4.30348,404.995,av,218
35.57,-4.06906,405.118,av,218
35.72,-4.21768,405.086,av,218
35.9,-4.16296,405.051,av,218
36.12,-3.94892,405.072,av,218
36.25,-3.72507,405.179,av,218
36.37,-3.49072,405.264,av,218
36.58,-3.57399,405.273,av,218
36.79,-4.01775,405.185,av,218
36.93,-3.74553,405.3,av,218
37.09,-3.87868,405.301,av,218
37.31,-3.72438,405.377,av,218
37.52,-3.96109,405.365,av,218
37.66,-4.00376,405.403,av,218
37.78,-3.94898,405.412,av,218
37.96,-3.67126,405.518,av,218
38.17,-4.183,405.437,av,218
38.33,-3.6627,405.586,av,218
38.49,-3.84592,405.562,av,218
38.71,-3.7646,405.601,av,218
38.93,-3.98947,405.587,av,218
39.01,-3.74293,405.66,av,218
39.2,-3.71498,405.684,av,218
39.41,-4.02453,405.669,av,218
39.61,-4.16866,405.668,av,218
39.81,-3.94588,405.75,av,218
39.92,-4.37169,405.683,av,218
40.08,-3.986,405.799,av,218
40.3,-3.77288,405.757,av,218
40.4,-3.84064,405.707,av,218
40.55,-3.71994,405.786,av,218
40.82,-4.05938,405.742,av,218
41.04,-3.78447,405.799,av,218
41.18,-4.0027,405.781,av,218
41.31,-3.54942,405.913,av,218
41.5,-3.69948,405.895,av,218
41.73,-4.41674,405.777,av,218
41.86,-3.85998,405.891,av,218
41.99,-3.47819,406.031,av,218
42.18,-3.45692,406.018,av,218
42.39,-4.41015,405.785,av,218
42.51,-4.4841,405.763,av,218
42.69,-4.08934,405.839,av,218
42.92,-4.3785,405.766,av,218
43.12,-4.02579,405.895,av,218
43.28,-3.54827,406.008,av,218
43.39,-3.99857,405.947,av,218
43.6,-3.98123,405.972,av,218
43.81,-3.61182,406.106,av,218
44.01,-4.16138,406.003,av,218
44.13,-3.91591,406.031,av,218
44.26,-3.83487,406.098,av,218
44.52,-4.0593,406.016,av,218
44.69,-4.1585,406.018,av,218
44.77,-3.94762,406.105,av,218
44.97,-3.82648,406.167,av,218
45.23,-3.78753,406.214,av,218
45.43,-3.7449,406.265,av,218
45.51,-3.9899,406.232,av,218
45.68,-4.13575,406.199,av,218
45.92,-4.26563,406.172,av,218
46.06,-4.04794,406.254,av,218
46.17,-3.77964,406.342,av,218
46.39,-3.99462,406.309,av,218
46.62,-3.87619,406.38,av,218
46.78,-3.64107,406.447,av,218
46.9,-4.019,406.3,av,218
47.07,-3.76055,406.407,av,218
47.29,-3.92004,406.375,av,218
47.53,-4.2413,406.331,av,218
47.62,-4.2114,406.391,av,218
47.76,-3.84053,406.495,av,218
48,-4.06778,406.406,av,218
48.16,-4.2619,406.356,av,218
48.27,-3.87216,406.454,av,218
48.49,-4.20133,406.38,av,218
48.76,-4.22548,406.408,av,218
48.91,-3.78936,406.537,av,218
49.03,-4.05186,406.493,av,218
49.18,-3.75003,406.619,av,218
49.42,-4.20193,406.402,av,218
49.59,-3.83971,406.479,av,218
49.68,-3.94127,406.48,av,218
49.9,-3.91562,406.475,av,218
50.12,-3.98447,406.494,av,218
50.23,-3.83598,406.587,av,218
50.39,-3.90507,406.621,av,218
50.6,-3.58893,406.655,av,218
50.82,-3.84024,406.613,av,218
51.05,-4.05362,406.511,av,218
51.15,-3.58251,406.627,av,218
51.39,-3.83259,406.611,av,218
51.66,-3.89824,406.547,av,218
51.72,-4.0559,406.479,av,218
51.85,-3.87435,406.538,av,218
52.07,-3.69471,406.621,av,218
52.29,-3.76643,406.631,av,218
52.41,-3.85851,406.633,av,218
52.59,-3.72336,406.687,av,218
52.83,-3.79731,406.677,av,218
53.03,-3.65916,406.745,av,218
53.16,-4.11546,406.618,av,218
53.27,-4.18208,406.625,av,218
53.52,-3.74423,406.76,av,218
53.68,-3.71868,406.775,av,218
53.77,-4.03432,406.742,av,218
53.99,-3.86987,406.786,av,218
54.22,-4.16307,406.757,av,218
54.43,-4.19147,406.696,av,218
54.6,-3.82449,406.852,av,218
54.67,-3.59183,406.91,av,218
54.87,-3.969,406.817,av,218
55.1,-4.01598,406.828,av,218
55.29,-3.46134,406.937,av,218
55.4,-3.74341,406.897,av,218
55.59,-3.84495,406.83,av,218
55.85,-3.84004,406.838,av,218
55.91,-3.7409,406.925,av,218
56.06,-3.74567,406.904,av,218
56.32,-4.11504,406.809,av,218
56.55,-3.91946,406.868,av,218
56.64,-4.38226,406.753,av,218
56.8,-3.74813,406.943,av,218
56.92,-4.21044,406.85,av,218
57.2,-3.2614,407.113,av,218
57.38,-3.93928,406.957,av,218
57.53,-3.48742,407.09,av,218
57.73,-3.85166,406.995,av,218
57.93,-3.80318,407.05,av,218
58.09,-3.695,407.059,av,218
58.18,-3.97096,407.006,av,218
58.36,-3.55656,407.146,av,218
58.62,-3.94607,407.057,av,218
58.81,-4.1099,407.035,av,218
58.95,-3.71371,407.136,av,218
59.24,-3.86951,407.148,av,218
59.37,-3.86635,407.159,av,218
59.49,-3.83061,407.164,av,218
59.7,-3.8577,407.19,av,218
59.91,-4.12888,407.123,av,218
60.12,-3.75923,407.238,av,218
60.29,-3.74729,407.24,av,218
60.48,-4.28463,407.106,av,218
60.69,-3.88945,407.248,av,218
60.86,-3.49645,407.364,av,218
61.03,-4.15066,407.268,av,218
61.2,-3.94392,407.269,av,218
61.4,-3.79956,407.328,av,218
61.48,-4.06157,407.259,av,218
61.67,-3.9863,407.333,av,218
61.95,-4.08462,407.343,av,218
62.12,-4.32604,407.294,av,218
62.34,-3.96249,407.424,av,218
62.4,-4.27888,407.228,av,218
62.57,-3.71449,407.473,av,218
62.83,-4.02197,407.434,av,218
62.91,-3.87225,407.501,av,218
63.06,-3.81016,407.524,av,218
63.4,-3.97735,407.512,av,218
63.54,-4.03503,407.532,av,218
63.66,-4.01756,407.518,av,218
63.76,-3.7997,407.599,av,218
64,-3.65496,407.646,av,218
64.21,-4.04323,407.601,av,218
64.42,-3.81045,407.694,av,218
64.51,-4.08868,407.63,av,218
64.63,-3.93757,407.674,av,218
64.86,-4.04975,407.693,av,218
65.08,-4.24753,407.66,av,218
65.16,-3.67649,407.805,av,218
65.39,-3.56083,407.878,av,218
65.67,-4.10654,407.768,av,218
65.82,-3.72636,407.857,av,218
65.9,-4.3224,407.754,av,218
66.11,-3.6802,407.929,av,218
66.34,-3.82976,407.922,av,218
66.49,-3.76182,407.983,av,218
66.61,-3.74349,407.954,av,218
66.75,-3.77567,407.971,av,218
67.01,-4.29717,407.868,av,218
67.23,-4.25199,407.886,av,218
67.35,-3.82219,407.998,av,218
67.63,-3.90625,408.043,av,218
67.81,-3.85796,407.997,av,218
67.91,-4.03967,408.024,av,218
68.08,-3.92308,408.073,av,218
68.31,-3.52763,408.199,av,218
68.56,-4.31456,408.024,av,218
68.61,-3.92744,408.172,av,218
68.8,-3.97374,408.142,av,218
69.03,-3.43734,408.308,av,218
69.23,-3.75092,408.273,av,218
69.3,-3.93098,408.25,av,218
69.47,-4.07718,408.219,av,218
69.67,-4.06251,408.202,av,218
69.94,-4.11049,408.227,av,218
70.09,-3.7794,408.316,av,218
70.2,-3.68294,408.381,av,218
70.36,-3.50803,408.493,av,218
70.62,-3.88077,408.404,av,218
70.71,-3.76692,408.479,av,218
70.86,-3.76183,408.465,av,218
71.14,-4.29251,408.392,av,218
71.32,-3.72347,408.542,av,218
71.46,-3.69664,408.581,av,218
71.57,-3.82154,408.558,av,218
71.82,-3.71251,408.602,av,218
72.05,-3.46909,408.693,av,218
72.18,-4.19136,408.529,av,218
72.25,-3.81344,408.665,av,218
72.49,-3.95043,408.676,av,218
72.74,-3.85005,408.691,av,218
72.8,-3.36082,408.839,av,218
72.98,-4.31775,408.632,av,218
73.2,-3.5947,408.814,av,218
73.47,-3.77483,408.806,av,218
73.53,-3.92908,408.801,av,218
73.6,-3.88372,408.828,av,218
73.9,-4.25821,408.754,av,218
74.16,-3.58676,408.938,av,218
74.22,-3.86919,408.919,av,218
74.34,-3.69265,408.993,av,218
74.6,-3.67882,409.015,av,218
74.83,-3.63078,409.034,av,218
74.95,-3.80472,409.058,av,218
75.26,-3.62049,409.158,av,218
75.43,-3.40327,409.248,av,218
75.62,-3.62043,409.238,av,218
75.74,-3.98425,409.143,av,218
75.83,-3.93653,409.217,av,218
76.1,-4.32697,409.494,av,218
76.31,-3.67316,409.497,av,218
76.47,-3.88792,409.455,av,218
76.72,-3.47886,409.541,av,218
76.93,-3.69756,409.504,av,218
77.08,-4.10117,409.445,av,218
77.11,-3.91887,409.529,av,218
77.32,-3.47519,409.681,av,218
77.67,-3.83435,409.646,av,218
77.88,-3.57878,409.777,av,218
77.91,-3.71798,409.786,av,218
78.07,-3.28425,409.94,av,218
78.34,-3.36343,409.972,av,218
78.4,-4.14307,409.813,av,218
78.56,-3.7842,409.965,av,218
78.78,-4.24662,409.896,av,218
79.02,-3.4311,410.16,av,218
79.23,-3.83295,410.097,av,218
79.3,-4.06339,410.068,av,218
79.46,-4.10874,410.162,av,218
79.65,-4.02389,410.214,av,218
79.82,-3.7783,410.294,av,218
80.05,-4.15786,410.22,av,218
80.25,-4.0941,410.289,av,218
80.42,-3.89567,410.387,av,218
80.62,-3.64151,410.487,av,218
80.71,-3.51763,410.56,av,218
80.99,-4.08279,410.438,av,218
81.29,-3.46516,410.684,av,218
81.37,-3.98944,410.568,av,218
81.43,-3.89982,410.643,av,218
81.73,-3.82552,410.718,av,218
81.87,-3.9806,410.711,av,218
81.93,-4.11774,410.74,av,218
82.22,-3.45397,410.942,av,218
82.39,-3.63698,410.959,av,218
82.59,-4.19367,410.823,av,218
82.75,-3.69523,411.017,av,218
82.94,-3.77279,411.023,av,218
83.15,-3.94892,410.988,av,218
83.35,-4.3525,410.928,av,218
83.41,-3.55859,411.141,av,218
83.61,-3.78086,411.133,av,218
83.79,-4.1634,411.06,av,218
84.01,-4.09421,411.1,av,218
84.13,-3.71037,411.236,av,218
84.23,-3.63239,411.25,av,218
84.5,-3.82281,411.24,av,218
84.79,-3.74548,411.3,av,218
84.85,-4.08164,411.206,av,218
84.97,-3.90655,411.295,av,218
85.17,-4.23597,411.224,av,218
85.42,-3.81166,411.341,av,218
85.59,-3.50889,411.496,av,218
85.64,-3.86789,411.479,av,218
85.88,-4.15507,411.437,av,218
86.14,-3.79532,411.58,av,218
86.23,-4.31695,411.553,av,218
86.55,-4.10165,411.667,av,218
86.81,-4.62057,411.621,av,218
86.93,-3.88035,411.937,av,218
87.12,-3.91856,412.025,av,218
87.27,-4.44126,411.989,av,218
87.53,-4.48175,412.106,av,218
87.62,-4.05627,412.355,av,218
87.75,-4.02923,412.458,av,218
88.01,-4.10466,412.569,av,218
88.25,-4.16571,412.649,av,218
88.37,-4.43826,412.677,av,218
88.49,-4.06941,412.898,av,218
88.67,-4.10611,413.073,av,218
88.92,-4.73893,413.014,av,218
89.07,-3.91127,413.36,av,218
89.12,-3.98497,413.412,av,218
89.41,-3.83852,413.582,av,218
89.67,-4.04227,413.625,av,218
89.7,-4.05118,413.714,av,218
89.88,-3.74569,413.901,av,218
90.07,-3.66193,414,av,218
90.26,-4.21671,413.902,av,218
90.53,-3.8032,414.097,av,218
90.64,-4.28227,414.027,av,218
90.77,-3.40587,414.325,av,218
91.04,-3.57062,414.308,av,218
91.14,-3.53587,414.371,av,218
91.3,-3.31013,414.463,av,218
91.42,-3.64089,414.435,av,218
91.74,-4.06191,414.375,av,218
91.87,-3.53065,414.559,av,218
91.97,-4.32368,414.352,av,218
92.4,-4.04376,414.442,av,218
92.53,-3.61714,414.61,av,218
92.71,-3.72393,414.646,av,218
92.97,-3.40564,414.738,av,218
93.12,-3.56448,414.715,av,218
93.22,-3.74319,414.736,av,218
93.52,-3.97161,414.643,av,218
93.77,-4.25548,414.606,av,218
93.93,-3.58619,414.77,av,218
94.02,-4.28568,414.618,av,218
94.32,-3.96377,414.724,av,218
94.6,-3.63689,414.808,av,218
94.69,-4.1497,414.716,av,218
94.71,-4.00757,414.796,av,218
94.96,-3.5992,414.909,av,218
95.27,-3.82562,414.894,av,218
95.36,-3.99918,414.906,av,218
95.67,-4.0993,414.894,av,218
95.74,-4.02707,414.934,av,218
95.93,-3.69663,415.045,av,218
96.21,-3.79117,415.013,av,218
96.37,-4.27299,414.933,av,218
96.48,-3.451,415.113,av,218
96.62,-3.49138,415.129,av,218
96.84,-3.95834,415.064,av,218
97.02,-4.0604,415.772,av,218
97.17,-3.81525,415.999,av,218
97.34,-3.96249,416.194,av,218
97.56,-3.92637,416.784,av,218
97.64,-3.46232,417.119,av,218
97.91,-4.07628,417.198,av,218
98.08,-3.867,417.491,av,218
30.07,-1.39718,554.71,av,208
30.2,-2.28793,554.625,av,208
30.43,-2.86103,554.514,av,208
30.69,-1.58724,554.912,av,208
30.92,-1.06088,555.109,av,208
31.03,-1.28763,555.139,av,208
31.16,-1.16217,555.226,av,208
31.4,-1.58475,555.21,av,208
31.56,-1.64177,555.219,av,208
31.69,-1.24958,555.376,av,208
31.87,-1.7823,555.348,av,208
32.1,-1.48734,555.49,av,208
32.32,-0.566144,555.723,av,208
32.41,-2.35157,555.403,av,208
32.58,-0.749966,555.887,av,208
32.78,-2.48926,555.507,av,208
32.96,-2.34885,555.617,av,208
33.07,-1.94299,555.837,av,208
33.29,-2.2598,555.81,av,208
33.51,-2.64954,555.793,av,208
33.71,-2.79026,555.839,av,208
33.82,-3.3521,555.824,av,208
33.95,-1.09175,556.465,av,208
34.2,-1.11124,556.563,av,208
34.41,-1.9647,556.373,av,208
34.53,-2.50493,556.314,av,208
34.66,-2.37316,556.429,av,208
34.88,-2.39213,556.481,av,208
35.06,-1.5492,556.785,av,208
35.16,-1.46308,556.916,av,208
35.39,-3.04112,556.584,av,208
35.63,-1.6857,557.093,av,208
35.79,-1.49743,557.175,av,208
35.94,-3.09608,556.862,av,208
36.08,-1.16277,557.442,av,208
36.32,-1.54189,557.457,av,208
36.53,-1.78779,557.485,av,208
36.65,-1.82405,557.613,av,208
36.81,-0.538547,557.978,av,208
36.98,-2.12407,557.661,av,208
37.15,-2.46433,557.678,av,208
37.33,-2.54113,557.734,av,208
37.47,-1.64894,558.043,av,208
37.7,-1.38878,558.166,av,208
37.91,-0.797152,558.497,av,208
38.08,-0.31829,558.668,av,208
38.17,-1.50851,558.529,av,208
38.38,-1.24389,558.644,av,208
38.53,-1.76977,558.568,av,208
38.7,-2.54947,558.505,av,208
38.93,-1.36658,558.962,av,208
39.16,-1.87012,558.96,av,208
39.32,-0.937208,559.285,av,208
39.46,-2.43025,559.087,av,208
39.64,-0.889897,559.624,av,208
39.91,-2.15416,559.411,av,208
40.16,-1.57647,559.599,av,208
40.25,-0.553791,559.974,av,208
40.36,-1.75299,559.759,av,208
40.59,-1.71537,559.948,av,208
40.72,-1.7231,560.012,av,208
40.89,-1.51375,560.19,av,208
41.07,-2.64845,559.943,av,208
41.34,-1.55807,560.299,av,208
41.56,-0.896306,560.607,av,208
41.6,-1.64985,560.526,av,208
41.72,-2.21452,560.532,av,208
42.01,-2.11265,560.552,av,208
42.17,-1.82976,560.723,av,208
42.3,-3.01844,560.544,av,208
42.51,-1.5834,561.038,av,208
42.72,-2.79114,560.792,av,208
42.87,-2.93302,560.847,av,208
43.02,-1.30882,561.365,av,208
43.17,-1.57299,561.388,av,208
43.4,0.270301,561.992,av,208
43.61,-1.11739,561.746,av,208
43.7,-2.16317,561.539,av,208
43.89,-2.30369,561.619,av,208
44.12,-1.72844,561.817,av,208
44.28,-1.68056,561.943,av,208
44.39,-3.36992,561.645,av,208
44.61,-2.1402,562.089,av,208
44.84,-2.15456,562.174,av,208
44.95,-2.08135,562.284,av,208
45.07,-1.1962,562.581,av,208
45.29,-1.15614,562.553,av,208
45.51,-1.18154,562.644,av,208
45.72,-2.92842,562.348,av,208
45.8,-2.37743,562.554,av,208
45.99,-1.11377,563.029,av,208
46.21,-1.59565,562.957,av,208
46.37,1.65076,563.84,av,208
46.49,-1.77161,563.148,av,208
46.69,-1.82503,563.323,av,208
46.9,-2.22084,563.247,av,208
47.1,-1.93321,563.471,av,208
47.22,-1.13051,563.764,av,208
47.4,-0.964728,563.872,av,208
47.6,-0.463612,564.122,av,208
47.81,-1.19874,563.986,av,208
47.91,-1.86644,563.899,av,208
48.1,-2.71115,563.828,av,208
48.32,-1.90787,564.164,av,208
48.47,-1.32868,564.439,av,208
48.55,-1.83615,564.384,av,208
48.77,-2.4188,564.298,av,208
48.99,-2.15822,564.542,av,208
49.22,-2.51389,564.525,av,208
49.3,-1.36195,564.943,av,208
49.51,-2.04577,565.025,av,208
49.75,-2.06499,565.115,av,208
49.95,-1.67783,565.279,av,208
50.01,-1.48046,565.427,av,208
50.1,-0.991237,565.626,av,208
50.39,-2.70611,565.369,av,208
50.65,-2.90411,565.487,av,208
50.73,-0.546173,566.147,av,208
50.92,-1.4872,566.101,av,208
51.07,-1.3423,566.146,av,208
51.29,-2.97804,565.894,av,208
51.4,-1.00143,566.479,av,208
51.63,-3.05445,566.12,av,208
51.85,-3.0328,566.317,av,208
51.96,-2.45887,566.598,av,208
52.08,-2.24193,566.786,av,208
52.3,-2.15099,566.891,av,208
52.5,-3.65556,566.638,av,208
52.71,-2.0565,567.178,av,208
52.83,-2.43197,567.044,av,208
53.11,-3.67103,566.822,av,208
53.35,-0.434808,567.731,av,208
53.49,-2.12938,567.476,av,208
53.59,-2.38291,567.478,av,208
53.81,-0.288962,568.112,av,208
54.01,-1.76929,567.891,av,208
54.16,-1.74115,567.959,av,208
54.36,-1.10726,568.13,av,208
54.65,-0.677413,568.423,av,208
54.8,-2.87198,567.913,av,208
54.93,-1.96733,568.291,av,208
55.11,-2.44394,568.26,av,208
55.29,-2.22499,568.432,av,208
55.45,-2.47447,568.462,av,208
55.61,-2.05926,568.667,av,208
55.8,-1.34037,568.949,av,208
56.02,-0.980682,569.111,av,208
56.25,-2.51913,568.903,av,208
56.36,-1.30599,569.338,av,208
56.59,-2.78255,569.12,av,208
56.79,-2.69593,569.279,av,208
56.92,-2.26939,569.533,av,208
57.09,-0.728753,570.046,av,208
57.34,-1.88605,569.896,av,208
57.53,-2.72214,569.78,av,208
57.63,-1.37588,570.263,av,208
57.78,-2.66394,570.089,av,208
57.94,-2.93694,570.108,av,208
58.19,-1.03806,570.805,av,208
58.48,-1.74819,570.807,av,208
58.55,-2.26794,570.792,av,208
58.67,-1.81484,571.04,av,208
58.92,-2.3922,571.116,av,208
59.11,-2.72573,571.157,av,208
59.26,-2.0562,571.585,av,208
59.52,-2.88069,571.635,av,208
59.71,0.249938,572.52,av,208
59.83,-2.63291,572.002,av,208
59.99,-0.687559,572.679,av,208
60.18,-2.85597,572.25,av,208
60.39,-2.12553,572.703,av,208
60.56,-0.0422878,573.457,av,208
60.71,-1.42183,573.222,av,208
60.92,-1.94863,573.268,av,208
61.02,-2.27391,573.328,av,208
61.2,-3.33383,573.213,av,208
61.43,-1.82645,573.778,av,208
61.62,-2.9131,573.675,av,208
61.8,-2.27306,574.004,av,208
61.96,-0.933104,574.432,av,208
62.09,-1.31299,574.55,av,208
62.3,-2.93154,574.285,av,208
62.53,-3.07887,574.434,av,208
62.62,-0.257849,575.273,av,208
62.77,-0.155484,575.485,av,208
63.03,-1.88331,575.238,av,208
63.22,-1.70084,575.488,av,208
63.3,-1.22672,575.716,av,208
63.45,-2.15277,575.674,av,208
63.74,-0.372932,576.356,av,208
63.96,-2.15659,576.044,av,208
64.04,-0.831206,576.503,av,208
64.14,-1.2436,576.55,av,208
64.41,-2.21021,576.523,av,208
64.64,-2.26915,576.637,av,208
64.73,-1.39741,576.718,av,208
64.85,-0.364146,576.96,av,208
65.12,-1.85004,576.805,av,208
65.32,-0.820882,577.195,av,208
65.41,0.466593,577.683,av,208
65.57,-1.93455,577.086,av,208
65.85,-3.04859,576.732,av,208
66.05,-2.02364,577.204,av,208
66.17,-1.16798,577.6,av,208
66.27,-2.82042,576.908,av,208
66.51,-2.25103,577.232,av,208
66.74,-2.05971,577.455,av,208
66.88,-1.45728,577.793,av,208
66.94,-2.71088,577.641,av,208
67.12,-1.63825,578.063,av,208
67.41,-1.88464,578.119,av,208
67.56,-1.24854,578.275,av,208
67.69,-1.13253,578.46,av,208
67.89,-3.18384,578.163,av,208
68.12,-2.15785,578.433,av,208
68.26,-2.59522,578.474,av,208
68.38,-3.1381,578.457,av,208
68.62,-2.8556,578.822,av,208
68.8,-1.84359,579.292,av,208
68.9,-1.38747,579.579,av,208
69.14,-0.41976,579.869,av,208
69.34,-2.80031,579.512,av,208
69.56,-1.50319,580.118,av,208
69.67,-2.843,579.913,av,208
69.73,-1.65117,580.387,av,208
69.94,-0.328312,580.91,av,208
70.17,-2.01478,580.731,av,208
70.41,-3.35869,580.571,av,208
70.57,-0.944524,581.459,av,208
70.72,-2.35346,581.309,av,208
70.9,-2.67792,581.458,av,208
70.96,-0.941894,582.025,av,208
71.16,-2.6298,581.854,av,208
71.47,-1.94414,582.185,av,208
71.63,-3.09947,582.18,av,208
71.73,-3.33644,582.241,av,208
71.9,-0.77751,583.174,av,208
72.16,-0.255275,583.498,av,208
72.25,-1.625,583.402,av,208
72.39,-2.06791,583.456,av,208
72.64,-4.13053,583.189,av,208
72.84,-3.46575,583.555,av,208
73.02,-2.363,584.112,av,208
73.1,-0.68428,584.694,av,208
73.28,-2.49923,584.458,av,208
73.47,-1.2618,584.973,av,208
73.74,-2.06315,585.099,av,208
73.92,-2.25167,585.236,av,208
74.05,-2.69746,585.415,av,208
74.31,-2.94926,585.602,av,208
74.47,-2.42864,585.986,av,208
74.55,-2.07233,586.276,av,208
74.81,-4.08438,585.971,av,208
75.06,-0.568971,587.161,av,208
75.2,-2.53631,586.912,av,208
75.32,-2.37722,587.181,av,208
75.53,-1.21078,587.774,av,208
75.69,-2.06294,587.748,av,208
75.88,-2.03471,588.057,av,208
76.08,-1.67526,588.41,av,208
76.19,-0.811253,588.87,av,208
76.44,-1.69296,588.853,av,208
76.55,-1.03988,589.256,av,208
76.63,-1.33879,589.385,av,208
76.85,-1.24168,589.679,av,208
77.13,-1.48708,589.964,av,208
77.39,-1.89307,590.179,av,208
77.46,-2.53884,590.224,av,208
77.53,-1.91982,590.667,av,208
77.84,-3.11114,590.608,av,208
78,-1.68065,591.248,av,208
78.1,-1.70654,591.481,av,208
78.29,-2.93657,591.467,av,208
78.52,-3.03202,591.752,av,208
78.69,-4.88166,591.536,av,208
78.78,-0.656696,592.776,av,208
79,-1.61396,592.825,av,208
79.2,-2.76317,592.861,av,208
79.45,-2.70758,593.095,av,208
79.58,-2.29815,593.469,av,208
79.66,-2.01555,593.752,av,208
79.95,-4.10376,593.583,av,208
80.13,-3.00635,594.1,av,208
80.24,-2.77748,594.472,av,208
80.48,-2.07875,594.994,av,208
80.74,-3.45296,595.015,av,208
80.98,-2.51703,595.517,av,208
81.01,-2.76712,595.71,av,208
81.1,-1.94045,596.151,av,208
81.36,-2.35651,596.375,av,208
81.7,-1.35696,596.937,av,208
81.85,-3.29716,596.972,av,208
82.15,-2.68817,597.451,av,208
82.32,-4.12605,597.272,av,208
82.4,-3.6334,597.694,av,208
82.72,-3.24334,598.43,av,208
82.91,-3.0241,601.71,av,208
83.04,-2.45816,602.737,av,208
83.15,-3.26185,601.537,av,208
83.43,-3.00427,601.242,av,208
83.72,-4.01343,600.927,av,208
83.83,-4.55744,600.67,av,208
84.1,-3.716,600.989,av,208
84.33,-3.45592,601.231,av,208
84.5,-3.55707,601.382,av,208
84.73,-5.17328,601.156,av,208
84.9,-5.64746,601.212,av,208
85.13,-2.89175,602.198,av,208
85.29,-3.70109,602.328,av,208
85.55,-4.60926,602.259,av,208
85.7,-4.77536,602.434,av,208
85.76,-4.92034,602.59,av,208
85.95,-5.46151,602.738,av,208
86.31,-5.63644,603.067,av,208
86.47,-5.94542,603.144,av,208
86.5,-4.31866,603.894,av,208
86.64,-6.0485,603.775,av,208
86.92,-6.06394,604.186,av,208
87.06,-5.9055,604.608,av,208
87.27,-5.8143,605.143,av,208
87.39,-5.67847,605.715,av,208
87.64,-7.16763,605.788,av,208
87.81,-7.01719,606.43,av,208
87.96,-6.96441,607.362,av,208
88.31,-6.41045,608.247,av,208
88.42,-6.14408,608.892,av,208
88.59,-7.62907,608.755,av,208
88.75,-6.04919,609.766,av,208
88.87,-6.42358,610.036,av,208
89.12,-6.96361,610.193,av,208
89.29,-5.44535,611.01,av,208
89.39,-7.18138,610.701,av,208
89.56,-5.59365,611.51,av,208
89.86,-4.85608,612.134,av,208
90.01,-7.07288,611.691,av,208
90.27,-6.29471,612.734,av,208
90.56,-6.78969,613.109,av,208
90.71,-5.6062,614.124,av,208
90.84,-5.96433,614.567,av,208
90.97,-6.37443,614.887,av,208
91.16,-5.51223,615.831,av,208
91.44,-4.80272,616.552,av,208
91.53,-6.07485,616.935,av,208
91.81,-6.59783,617.225,av,208
92.08,-5.8804,617.97,av,208
92.19,-6.55752,618.062,av,208
92.27,-4.32179,619.099,av,208
92.51,-5.75829,619.182,av,208
92.72,-8.50483,618.535,av,208
92.87,-3.95357,620.439,av,208
92.92,-5.73097,620.217,av,208
93.18,-5.00026,621.109,av,208
93.47,-5.96893,621.3,av,208
93.53,-7.11453,621.377,av,208
93.85,-7.08463,621.968,av,208
94.09,-6.19567,622.868,av,208
94.11,-4.98516,623.547,av,208
94.35,-4.98755,623.888,av,208
94.5,-7.16276,623.63,av,208
94.73,-6.49786,624.504,av,208
94.9,-5.46489,625.96,av,208
94.96,-7.09725,626.853,av,208
95.26,-4.59019,627.831,av,208
95.47,-6.92971,629.42,av,208
95.58,-4.04892,630.924,av,208
95.67,-4.38268,630.856,av,208
96.05,-6.21674,630.754,av,208
96.23,-5.70843,631.723,av,208
96.43,-4.67009,633.238,av,208
96.54,-3.91811,634.529,av,208
96.63,-5.79001,635.309,av,208
96.95,-5.06953,636.337,av,208
97.1,-5.30478,636.979,av,208
97.19,-5.93306,637.385,av,208
97.37,-4.83929,638.366,av,208
97.61,-6.10904,638.64,av,208
97.84,-5.5771,639.496,av,208
97.97,-5.00998,640.982,av,208
98.14,-4.4036,641.865,av,208
