,Predicted fluorescence,Observed fluorescence
0,4.359232,4.445361497722836
1,2.4601843,2.3343846499773124
2,2.8743877,3.241763639747347
3,4.337148,3.928120271666389
4,2.3169007,2.1000173586615203
5,2.6237538,2.1218642700410504
6,2.7694657,2.20691950022268
7,4.455362,4.451571733520557
8,4.4618955,4.480665654036564
9,2.8457055,2.380274027334927
10,4.4337816,4.5058176168394
11,4.2482944,3.885674034130174
12,4.321585,4.375482640059801
13,4.2891755,4.372866033724868
14,4.349846,4.373977526552648
15,4.4843807,4.485290232588408
16,2.738221,2.4033934984725027
17,2.2490206,1.9105983594512368
18,2.8871286,3.258602384828767
19,2.4364266,2.2606617084789837
20,2.5227597,2.514071391342664
21,2.7112637,1.9897347771535925
22,2.542899,2.1265734397368234
23,4.2582383,4.332326043260159
24,2.4289527,2.431375963811565
25,2.4470918,2.121287416522703
26,2.6163898,2.0667413423742538
27,4.4768763,4.5062037221465
28,2.4954007,2.208533364412044
29,2.7794042,2.3101494198636123
30,2.5896645,2.44069141278489
31,4.3956003,4.402709275890936
32,3.689501,2.1990435947163123
33,4.398058,4.413563722114247
34,4.4236007,4.445135113166966
35,4.434973,4.457493668482659
36,2.4607687,1.885712785371376
37,2.8161972,2.481506937374824
38,4.36773,4.330668033731789
39,3.8808846,2.05767259042386
40,2.3978665,1.8930557325610355
41,2.5249555,2.4857045324546068
42,3.4235127,3.7722868494103383
43,4.02193,4.382326751662167
44,2.5428567,2.419371154562388
45,4.158855,3.881169034742015
46,2.7460787,2.199883177693964
47,2.5019343,2.092470819751949
48,3.6892726,2.4749893527447187
49,4.066772,2.577565279726471
50,4.44968,4.482717355320959
51,3.1770155,3.1143252134639097
52,4.446409,4.416684591349009
53,4.307074,4.345987229059755
54,4.4028487,4.3081483485670455
55,2.415444,2.4904648742883118
56,2.567993,2.451581550129512
57,2.4677324,2.503909645958153
58,4.3524065,4.258788861588664
59,2.332118,2.480691945402465
60,4.4622254,4.469336667708246
61,4.388208,4.430843090108751
62,3.422046,2.3716880027663634
63,4.333589,4.286937972421665
64,3.0787756,2.3477040873960777
65,2.6081245,2.23196602935832
66,4.4889235,4.442524162301521
67,2.6451619,2.703246009047441
68,2.4116871,2.232942331047377
69,4.52031,4.558180562029925
70,2.6202548,1.984879361693337
71,2.493652,2.547758530453076
72,4.3486547,4.465805726659198
73,2.7802045,2.0451118820740843
74,2.8498025,3.452702670919076
75,2.2202814,2.390722971353852
76,2.4598677,2.2195659913981003
77,4.3882303,4.421779656919377
78,2.296353,2.431494871512493
79,4.382241,4.421446254593516
80,2.638647,2.4662616243002526
81,3.5098994,4.277409535053977
82,4.3271337,4.326482690653781
83,3.1373563,4.257379138145965
84,4.1444006,4.377710526225523
85,4.4031754,4.415180660785255
86,4.4616847,4.466235415374639
87,4.501405,4.40082433111241
88,2.5988324,2.373782066176318
89,4.5332284,4.4766252242716025
90,2.5714931,2.084260468991868
91,4.5223403,4.53775528264665
92,4.1875978,3.906577339562701
93,3.6111574,2.238993935903694
94,2.3729396,2.016756929799824
95,2.592419,2.732860572824006
96,2.4294553,2.05414645766312
97,4.4325795,3.9554403555991096
98,2.9307053,2.210145203786212
99,2.6290112,2.415919846263942
100,2.577103,2.139558308313268
101,2.9557977,2.166785953245649
102,2.9055958,2.4246041040685986
103,4.3528156,4.454939000997333
104,4.5292463,4.527935763277614
105,2.846021,4.433088677050808
106,4.452419,4.4922506760386725
107,4.460122,4.411126851676412
108,4.129034,3.540570626397658
109,3.907179,3.619255767501994
110,4.0827894,4.10779113778091
111,2.5145109,2.4923007735207534
112,4.3764973,4.293117308697195
113,4.4544215,4.407284826573505
114,4.4680037,4.550117455442564
115,4.383918,4.319454439721906
116,4.0906534,3.981334559459688
117,3.1636662,2.288391058278082
118,2.5430512,2.390159812806183
119,4.5585613,4.485916990241096
120,4.476189,4.485517954144727
121,4.44608,4.357803736117931
122,2.951434,2.4729868101665096
123,2.7546918,2.357451540722206
124,4.424627,4.424954471283423
125,2.7732227,2.2050018208814937
126,4.291244,4.115390423058452
127,4.4851465,4.48696380679239
128,2.4744015,2.7833286207491
129,2.518408,2.4158778466478803
130,4.0309176,3.7650072466818942
131,4.3680663,4.411665358824363
132,2.979178,3.639578315618403
133,2.6126447,1.8184013032331727
134,4.2187204,4.425783621013374
135,2.813995,2.4172840853640336
136,3.2404313,3.659620028290489
137,4.4195666,4.398728243063159
138,2.962607,2.0555473214559417
139,2.7979045,3.917515204342375
140,4.459088,4.422354247693557
141,4.0718317,4.3043185155828665
142,2.798817,3.241492920032194
143,2.747528,3.722442319671409
144,4.346425,4.360423471593011
145,4.2983603,4.171929202875043
146,4.1101174,2.3929351492428337
147,4.0111904,4.192047921794781
148,2.7511148,2.072153799750604
149,3.8143618,2.39579820268488
150,3.9910939,4.229023779348169
151,4.408432,4.4220416787014925
152,4.4313383,4.460236914044844
153,4.3818154,4.416665826753063
154,4.386078,4.391244022101304
155,2.6539915,2.487976151453874
156,2.6588528,2.234763152028784
157,2.4165134,2.3131474603100743
158,4.262786,4.335219336389953
159,4.401715,4.374864335219006
160,4.4655595,4.526315474591438
161,2.9480066,3.12966682623812
162,4.310563,4.346657628184543
163,2.6654944,2.2563398597233117
164,2.61941,2.1355461167528005
165,4.4789,4.493856151416489
166,4.496312,4.487785117608375
167,4.496454,4.3478529552464495
168,2.6041882,2.4365371862391654
169,2.303841,2.0548450108577536
170,3.0249007,3.141967263651359
171,4.4152856,4.441011022408437
172,3.5499048,3.7306985721840618
173,4.4351177,4.447757600843264
174,3.1608913,4.263930447777567
175,4.3394065,4.339119645755561
176,2.453678,2.324633215433727
177,4.347215,4.262729609028359
178,4.4233694,4.461963281203545
179,4.2564163,4.322660312482361
180,2.8079238,2.2021406497527938
181,4.1091332,4.330472119930511
182,2.648718,2.5854611247140857
183,2.5482001,2.440041524467274
184,4.3214545,4.338984971407165
185,4.431692,4.440115033950134
186,2.6778388,1.8227486070750365
187,2.749533,2.126733032688215
188,2.5148616,2.5884928371572307
189,2.4903913,2.398355836136084
190,4.474245,4.4381162227328845
191,2.851072,3.362504213114054
192,4.511063,4.506088450754754
193,4.3397326,4.371285636416865
194,2.4882822,2.3196283731485066
195,2.6341317,2.1071134654948613
196,4.4359756,4.466294233908817
197,2.6599107,2.492529704432355
198,3.021954,2.7144359490382484
199,4.1209106,4.178833572731636
200,2.5811703,2.484657714277836
201,2.4616199,2.936151782747281
202,2.5929787,2.6979487722626114
203,4.5000215,4.450465166505125
204,4.3710175,4.467777577603585
205,4.4326653,4.521374874777697
206,2.7500236,3.306872937487384
207,1.173016,1.9654139794114096
208,2.4821115,2.854239276883867
209,4.444731,4.455556931870851
210,4.4455056,4.385328140263973
211,4.15465,4.289930955268984
212,2.140074,2.2147141429120474
213,4.5026693,4.471421271978594
214,2.4632082,1.9825511117453487
215,2.8352003,2.347763635714863
216,4.4530787,4.473534390870491
217,2.4380512,2.563891336676257
218,4.1653156,2.528035749922568
219,2.6015651,2.7235879840394257
220,2.6300356,2.422990020664123
221,4.384153,4.399195891291389
222,2.7860215,2.557876913498912
223,2.8610017,2.2242799887161384
224,4.04665,4.217615610103845
225,4.382149,4.414298748143858
226,2.3951764,1.4378055080530927
227,3.1269906,4.283885870018025
228,2.623506,4.215023867960167
229,4.518295,4.377954765805229
230,4.4894853,4.474798602099752
231,4.3965535,4.404334775146287
232,2.492886,2.567483328344284
233,2.372186,2.392444989119101
234,2.6720176,2.369653390375344
235,4.383076,4.332357151108839
236,2.4588706,2.511705181148787
237,2.6608737,2.060280216329468
238,4.4898562,4.48662445642925
239,4.443607,4.465771048365624
240,2.4269166,2.449837060657623
241,3.0058746,2.5287325876223345
242,4.337234,4.398907609993135
243,4.330702,4.330711665132378
244,4.532536,4.492896719841212
245,3.743979,2.2217246516895823
246,4.4883833,4.511444104656574
247,2.5957308,2.085993059658283
248,4.4892397,4.519305101443255
249,4.4066,4.401190668807813
250,2.3735263,2.524387065653117
251,4.430689,2.492185293672728
252,4.457931,4.394518171889755
253,4.460152,4.499034277668754
254,2.3849268,2.4795087121991606
255,3.8172748,4.26640892330538
256,2.3458831,2.7809216491349185
257,4.3221154,4.407551650903121
258,4.0640106,3.8265968942584423
259,2.6418443,2.2228063553648174
260,2.6715019,2.3840537353231
261,2.3325546,2.457927533118871
262,4.422093,4.364637112965365
263,2.5039442,2.217666478361416
264,4.343919,4.32937972893375
265,4.3685575,4.396625149065083
266,4.3756394,4.4808520105675
267,2.6999078,2.4219539028155315
268,2.7373676,2.265595898587145
269,4.4975624,4.498139970073629
270,2.6098306,2.604064789608304
271,2.5291667,2.4242976353815324
272,2.3576899,2.3905897913879595
273,4.4802322,4.426342961999454
274,4.3416367,1.7669108384886534
275,4.508513,4.560976778151175
276,2.680232,2.919166824572708
277,4.390873,4.330307289814418
278,2.1963654,2.5061725415276648
279,4.5302734,4.499602159530091
280,2.4826562,2.0912474600693667
281,4.48841,4.467278400375564
282,2.9623117,3.0569585012572498
283,4.435032,4.4337599284302245
284,4.403587,4.430278890219849
285,4.4546227,4.526808551680992
286,3.5437906,2.881335084194649
287,3.2901676,2.605411473301604
288,2.4915926,2.429635689684432
289,4.4337425,4.412963374130838
290,4.323813,4.2933165598969785
291,4.32048,4.346638848146327
292,2.568251,2.02370430875661
293,2.2594466,2.5591410909431085
294,2.4794369,2.265000908120858
295,2.48884,2.460401379771126
296,4.40636,4.423293711209892
297,4.384984,4.443357286088837
298,4.393563,4.448720377647671
299,4.169434,4.484973175751884
300,3.2878804,3.855053059940096
301,2.4679656,2.4771703244344283
302,2.4885762,2.2289298908394497
303,2.7508454,2.9128425563194087
304,2.5519364,2.443008996304959
305,2.9836462,2.5822851490480105
306,2.515541,2.0682309482790004
307,4.310499,4.521810320465677
308,2.4122555,2.445356313716072
309,4.3014693,4.327640982293944
310,2.4747336,2.5233582529600604
311,2.6882136,3.051111877824965
312,2.832693,2.382636421837782
313,2.704524,1.7925953713161369
314,4.180904,4.145263899594583
315,2.768852,2.438630190127296
316,2.4900117,2.1718808088480928
317,2.5514915,2.4787903951966883
318,2.686463,2.0413046959558843
319,3.8518558,2.4815130810606707
320,2.6374135,2.584259916027925
321,2.4823613,1.809333329146028
322,4.36247,4.312851785322762
323,2.6391568,1.969947483930112
324,2.6549847,2.4976473910559718
325,4.3122926,4.422943967148522
326,4.2447557,3.3231227529693825
327,2.6301546,2.4860576731060484
328,3.1761396,3.4215319041243784
329,2.5117857,1.7172730096367976
330,2.4430642,2.509995077222831
331,4.3667555,4.345492169123967
332,4.2229857,4.055479825104438
333,4.417817,4.447984293433757
334,4.3789988,4.381908533427522
335,2.5211694,2.1448837892858434
336,4.413369,4.448371518089118
337,2.2692263,2.4389630543308125
338,4.3854203,4.454016071736444
339,4.4563856,4.479601429095284
340,2.6915236,1.8214863876939245
341,4.395042,4.391602612204198
342,4.4091144,4.440649746777755
343,4.3781543,4.421097268945888
344,4.409921,4.426014694047575
345,2.578923,2.3742146768374752
346,4.1063313,4.35823452227338
347,2.7263377,2.2646026981261955
348,3.948554,4.30082072702263
349,3.1637673,1.9429968694334647
350,2.5358984,2.529615637711081
351,3.3473954,4.0174214266115165
352,4.411368,4.3765870836832335
353,2.494659,2.5096195377814268
354,3.6843555,2.171351553041703
355,4.061325,3.775208334994361
356,4.157621,4.290217382710859
357,2.4714582,2.503265646088883
358,4.490615,4.508754949173701
359,4.149146,4.484969466537151
360,3.905002,3.5101144092582994
361,2.3377526,2.4322106975550564
362,2.6974208,1.9558705913352
363,4.1876135,4.379111355467737
364,2.613758,2.1002659068160665
365,2.4324286,2.213804747768939
366,4.283009,4.322621200581044
367,4.316016,4.439567123039162
368,4.518215,4.544975366216996
369,4.416526,4.507090576907439
370,4.40069,4.39487340095436
371,2.3579159,2.263431838905907
372,3.3649266,2.443681766643857
373,4.332699,4.343494402931176
374,4.408974,4.413623590246246
375,3.5033605,3.2213525427335403
376,2.6670449,2.2275602439615048
377,2.9424965,2.4093199102118024
378,4.2986517,4.421318105898862
379,4.5198216,4.52128088712871
380,3.9458563,4.207568723907371
381,2.407765,2.3477040873960777
382,3.1396887,3.899261829550448
383,4.417942,4.443271443559656
384,2.8496907,2.365782382535355
385,2.7847526,3.0119110329322263
386,2.8121026,4.424516062532181
387,4.3066807,4.390452036212583
388,4.515173,4.550371340211773
389,4.5215554,4.498981690922599
390,3.9409144,2.3240229112024804
391,4.414087,4.48825934564814
392,4.4499035,4.407430012569485
393,4.397289,4.413697014661649
394,2.4535005,2.236143337741199
395,4.3608065,4.36550673970447
396,2.5393958,2.335319211294658
397,3.7655256,3.811946071926508
398,2.3558233,2.28492455889267
399,4.368168,4.342216278428523
400,3.511865,3.753292215857711
401,4.4181156,4.462408727632593
402,2.513476,2.2796556520251574
403,2.4664915,2.311057180219015
404,2.821369,2.2580014832018
405,3.0354712,2.5959092865590967
406,2.7714365,2.620588938872806
407,2.4870028,2.530021020780778
408,2.60459,2.317266332228065
409,2.5241392,2.2036754679532145
410,2.7337897,2.47080868694088
411,2.6165628,2.112529603226707
412,2.8139586,2.3906901155540488
413,4.337593,4.347172173260587
414,4.3098125,4.343914826869165
415,4.3952646,4.369737543244953
416,2.837228,1.713017253694634
417,2.5950398,2.1185184453128265
418,4.116807,4.38973874062225
419,4.377178,4.446422222004567
420,2.5057971,2.932279635335568
421,4.479205,4.466862192355716
422,4.4240127,4.422700216109228
423,4.40329,4.442738012417419
424,2.4095023,2.1419436091619444
425,3.5944378,4.2619814127973
426,4.4012785,4.489252899786593
427,2.3829386,2.3477040873960777
428,4.5179415,4.530793429272026
429,3.2956247,2.814827811941455
430,2.5531876,1.93044693926843
431,2.7396448,2.3994510503375874
432,4.432241,4.47250574517274
433,3.2210124,3.7479101977687295
434,2.7910151,3.136862155642381
435,2.432233,2.341535818382743
436,2.5352085,2.967931036911462
437,4.3841825,4.440071592110657
438,4.353206,4.378706887377628
439,3.6556947,3.942438379922348
440,4.4417696,4.503876569270044
441,4.3492875,4.373911849954806
442,4.4162903,4.353951674704868
443,3.0146809,2.8565115448981606
444,3.7065623,3.506858190515853
445,4.2003303,2.0541875546242623
446,3.68188,3.643506549302425
447,2.6309445,3.5794450155711046
448,4.4034567,4.406482485509786
449,2.45612,2.28678438689733
450,4.2993793,4.263446514429004
451,2.608786,2.0489461450174766
452,2.477591,2.3843093677109244
453,2.7601516,2.522470889787876
454,3.816665,4.11042654160932
455,3.2730262,3.7072411378446017
456,4.4050617,4.430427542949188
457,2.0352952,2.3255145960558323
458,3.1198964,1.618327800790134
459,4.4833565,4.388909972527066
460,2.2673686,2.444426846654085
461,4.3273406,4.197502085349003
462,2.7223227,2.27226955803564
463,3.995861,4.345593549415047
464,3.9715438,4.311823285440563
465,2.471198,2.619674842604133
466,2.11316,2.543042379918337
467,2.534106,2.317867308250162
468,4.4591107,4.4525654336374325
469,3.6353498,2.9868156475585
470,2.411495,2.7659959533800635
471,4.495487,4.476540161182624
472,2.4479094,3.267012677889113
473,2.8646128,2.482671443364333
474,4.4070005,4.3271757210107245
475,4.468009,4.486605388477525
476,2.376548,2.406182869579596
477,2.4043965,2.0496393122375416
478,3.736473,3.828677321858356
479,4.429993,4.461002945103264
480,2.5022967,2.1401853064074507
481,4.4439535,4.496542989212396
482,4.376114,4.315993342953951
483,4.466846,4.386879076211944
484,2.7161114,1.9851315041108724
485,2.5053494,2.0005793262724385
486,2.7251823,2.163653805430437
487,2.7901738,2.78209862530842
488,4.461277,4.45829773660643
489,4.4771147,4.487022978219966
490,4.459716,4.404330097432235
491,2.5949228,2.222658628158648
492,4.388524,4.413518033473942
493,2.5867865,2.4946390712903472
494,4.3654156,4.382535022387359
495,4.3133,4.342837388429471
496,3.7779934,2.5372471068296325
497,4.3511777,4.369115661244783
498,4.1347537,4.323134961011716
499,4.137746,4.1125356144363066
500,2.7355227,1.9658685705504444
501,4.4087224,4.366201606104965
502,4.2544713,2.5146773194303265
503,4.4635005,4.004237486433255
504,2.312101,2.487931049300241
505,4.475791,4.492739349696811
506,2.5828898,2.2743513249057794
507,2.6469688,2.639034600362524
508,4.3688974,4.377948264125063
509,2.0489204,2.3798534713660606
510,2.627275,2.6618050456044786
511,4.383452,4.294250940874778
512,2.5121477,2.5919563750644903
513,2.4378726,2.444063475639637
514,2.8141387,2.516515955562722
515,4.4046245,4.410957740306304
516,4.4643517,4.479217282559521
517,2.788782,2.140699579220845
518,4.3873205,4.47502043452814
519,4.335223,4.379086826437604
520,3.6995628,4.2298451608259615
521,4.375666,4.370614258598362
522,2.4052143,3.7836870912963465
523,2.490254,2.212549215027003
524,2.4888558,1.0
525,2.791253,2.406072963777053
526,2.9103649,2.1519249022734743
527,4.4334207,4.416267893785959
528,2.413037,2.393089370318005
529,3.1537755,3.3870394537456217
530,4.43531,4.403484780540751
531,4.418588,4.40732155340068
532,2.7087967,2.201939763775957
533,2.4981463,2.0947940145506143
534,4.4990377,4.495460765237405
535,4.4332914,4.495727604510026
536,2.5976388,2.4318732075604754
537,4.3485227,4.337139083581081
538,4.4459915,4.359056432195777
539,4.4613953,4.493548524610642
540,3.6582615,4.172880937546637
541,2.4403777,2.377242255384381
542,4.457864,4.458808621342151
543,2.4785135,2.482005307354121
544,2.4440892,2.3257262789535296
545,4.4818773,4.417942830440664
546,4.3683257,4.389220457563956
547,2.5587428,2.093847050848763
548,4.183058,4.3947425000048375
549,2.631128,2.3734801981201947
550,2.4370735,2.3477040873960777
551,4.330483,4.331356795098575
552,4.356225,4.36653888650017
553,4.507254,4.507232359187675
554,4.3890443,4.443469947600562
555,4.4386897,4.369549276978661
556,2.4211457,2.187789539617825
557,3.5521677,4.246267560887434
558,4.411351,4.416373955686637
559,3.3558524,2.0181131065050475
560,4.398417,4.357234430495253
561,2.2734077,2.2198708591212104
562,4.387886,4.28167225113573
563,4.303085,4.380805290180431
564,4.374016,4.44343283115281
565,4.3903213,4.373377754757992
566,4.4492655,4.4465184885935845
567,4.426964,4.42927617698731
568,4.3558908,4.307608922058273
569,3.7110624,4.343588371604144
570,1.9366118,2.179806947452193
571,2.8641407,2.42157361695844
572,4.4820313,4.532444934926811
573,2.4425302,2.3346429331471628
574,4.315612,4.344010997605592
575,2.506303,2.5092131842883543
576,2.68024,2.125120414716926
577,4.436625,4.5028480355914775
578,2.5723772,2.3915038898612098
579,4.4938135,4.490335345241889
580,3.9162757,3.847315676727727
581,2.5945246,1.866137980524277
582,2.6749868,2.3413845119888754
583,4.4448266,4.448206747324498
584,3.2300334,3.4050125181810453
585,4.3262854,4.417210269247642
586,2.4133825,2.1116983245151757
587,4.3938513,4.406441751495389
588,2.3045506,2.358439940098854
589,2.4680467,2.3418602528536696
590,2.499675,2.4381362404833182
591,2.4850502,2.2618414762336387
592,4.4459925,4.524728440775869
593,4.262899,4.404390394063241
594,2.811917,2.655188644641376
595,2.6258636,2.921062815452403
596,4.4169655,4.439128656206569
597,2.6401973,2.362445508824317
598,2.4251697,1.7705779460617876
599,4.1250954,4.423023157686794
600,2.6343195,2.798866464451317
601,4.424421,4.39982396073831
602,3.0142574,1.0
603,2.8215392,2.512921277652173
604,2.5522685,2.4751067508492
605,2.4261136,2.453918429256586
606,2.5863307,2.413009548540154
607,4.1631327,4.346897548055115
608,4.369918,4.334134187283256
609,4.411546,4.407010818300411
610,2.4341621,2.4819880761980566
611,3.6375403,2.0183686401705003
612,2.4623542,2.4152160691629887
613,4.427919,4.4257749893757445
614,2.5265613,2.2021305987328548
615,2.5667894,2.412292790275432
616,2.3623524,1.9046855519944308
617,4.415849,4.377896700732655
618,2.9839492,2.2266371679985437
619,4.27921,4.399704793009244
620,2.8421676,2.3944055706587624
621,3.728737,1.987920331439849
622,3.3386164,2.461237329954492
623,4.491914,4.541208688003852
624,3.0061173,2.9317920322843865
625,4.3361883,4.558217536708967
626,2.4606316,2.486748055388623
627,3.7933233,4.408108095737536
628,4.5005608,4.495385931343473
629,4.3583503,4.144757755354051
630,4.4157176,4.4996039628201325
631,4.4620047,4.546834384958065
632,2.6912596,2.485229879054048
633,2.4464588,2.3561506324295984
634,4.140914,2.36598167750183
635,4.1626844,4.3634598832001
636,2.4831133,2.284678943974238
637,4.3723145,4.357866380118664
638,4.2183113,4.3233852999255244
639,4.4421535,4.353004275318518
640,3.886869,3.5723690406660915
641,4.476742,4.467452965773859
642,4.4580274,4.494164208868808
643,4.337081,4.2078294022600895
644,4.413248,4.400143608920881
645,4.4616847,4.393392323776354
646,4.442174,4.444007331420266
647,4.469729,4.402180246254454
648,2.2670298,2.223180124015176
649,2.2283728,2.923954100316527
650,2.4263356,2.2140363219307937
651,4.390694,4.161400794546736
652,2.528358,2.485704034420133
653,2.55538,2.6167146676236936
654,4.4710617,4.499379901677895
655,2.9653668,2.56018599303266
656,4.1987944,3.2951255529652204
657,4.336389,4.454941154565553
658,3.9757898,4.2135713332534825
659,4.4414144,4.427576574486768
660,4.146079,4.169958916701737
661,3.9821994,4.276792008480565
662,3.832351,2.532876255847878
663,2.8644726,2.110524090123929
664,4.3366213,4.44438068630572
665,2.6154997,2.5187711733631546
666,4.51326,4.478752488683986
667,2.6755466,2.067323981038725
668,3.0215025,1.9803648190035563
669,2.716279,2.635640846569612
670,4.4497433,4.420230422615393
671,2.4626,2.015297307890318
672,4.5146956,4.454398429866139
673,2.6134555,2.46232155362174
674,2.4705303,2.374876695039567
675,2.5065079,2.347644311082257
676,3.6522985,3.269940943185579
677,2.6504018,2.3477040873960777
678,2.4588737,2.51626427389139
679,2.785457,3.649012779080983
680,3.7645414,4.158512323082799
681,4.3557773,4.387578134033139
682,2.4542365,1.7966969940852011
683,2.474383,2.449197382596294
684,2.4423277,2.194295285764722
685,3.9389052,2.59756421297837
686,2.298769,2.1209940547519524
687,3.5032127,3.4114862938210075
688,2.4381886,2.2615177101096475
689,4.3104134,4.375395609626162
690,2.5703115,2.2372149162147545
691,2.4832559,1.7922054152163374
692,2.3436341,1.9615216238886128
693,2.402268,2.8184436552509124
694,4.364328,4.470427019919789
695,2.6676743,2.398014762722916
696,2.7673814,2.4396453206277173
697,4.4644847,4.422752728416074
698,2.6603334,2.491699203999206
699,4.3164344,4.318678668822141
700,2.9829466,2.4598177025875385
701,2.5075645,2.356386908841456
702,4.499932,4.485020792255722
703,3.7323725,4.326769379294828
704,4.239634,4.406277841723312
705,2.671262,2.0035401657702634
706,4.493288,4.455700589750302
707,2.6204166,2.458717892327852
708,4.4624224,4.515267525028669
709,2.325227,2.3671700346988747
710,2.7646284,2.431435733468755
711,2.2267413,2.502150046242293
712,4.4631543,4.358365921313767
713,2.6000552,2.6729645675270137
714,4.280115,4.326030186559835
715,2.5764086,2.4010232884804226
716,2.5714664,2.710028746366304
717,3.9263966,3.73631919690426
718,4.4744024,4.444171711980877
719,4.428029,4.427257143707845
720,4.1298547,3.5462114748821927
721,2.414604,1.9689492934413504
722,2.620101,2.201233198758948
723,2.6798244,2.4111644730938475
724,2.4754972,2.3349747591246026
725,3.5143712,1.8817884923977044
726,2.575761,2.4831527464445746
727,2.5087888,2.38304213445834
728,2.3862197,2.4825610413292125
729,2.531152,2.490156961859126
730,4.530774,4.523356568587953
731,4.38941,4.388296768889011
732,4.288462,4.37677161964898
733,4.4412575,4.450147671685301
734,2.4358006,2.493756602627601
735,2.48996,2.2573103396967693
736,3.3724825,3.615082510609259
737,4.4591784,4.501245635384132
738,4.4052625,4.390577974354104
739,2.7812684,2.532112158787033
740,2.614972,2.666135826880533
741,2.7226055,2.2665002048839646
742,2.499671,2.642964590805217
743,4.2200704,4.337763646468486
744,4.466098,4.46116703757373
745,2.5211802,2.5002601860376394
746,4.4591026,4.410039679229519
747,4.3753695,4.411172650276608
748,4.4024763,4.483375413912999
749,4.4101706,4.402792415760839
750,2.4904392,2.07281517033828
751,4.3048153,4.4054051009291495
752,2.7642653,3.163357359215538
753,3.276317,3.7654775406380674
754,2.4067404,2.837555606901499
755,3.744506,3.785787498006085
756,4.091587,4.159441211387372
757,4.4852557,4.485387280613927
758,2.6308491,2.385903796990871
759,2.3243268,1.6289770519490376
760,4.3932166,4.410145181095017
761,2.5738156,2.3515917546415768
762,4.1113687,4.257743531267228
763,2.4280486,2.4791700143596738
764,4.4908247,4.499201780196737
765,2.129876,2.230919903963872
766,4.4301157,4.417591087235763
767,4.3726506,4.250562665655656
768,2.4937634,2.537951696174136
769,2.708338,2.08175953612893
770,2.1484454,2.4437492295620853
771,2.200213,2.080007262428518
772,2.4526258,1.8215858234776532
773,4.3916297,4.394436437550041
774,2.516418,3.2191980900615733
775,2.6628873,2.1679038587580117
776,3.8970985,2.5072149977794624
777,2.9182832,2.44234208669796
778,4.459412,4.491199579971364
779,2.6216915,2.173595645503008
780,2.1784785,2.1009264318236545
781,4.4752545,4.450699170007019
782,4.168928,4.204399644846759
783,2.859924,2.140884222102999
784,2.820132,2.0827026764827354
785,4.308323,4.369338552723947
786,2.4203503,2.491653631351511
787,2.7473302,2.286757886679597
788,2.4943552,3.576508150732775
789,4.519842,4.46116894991678
790,2.5299575,2.4681426092660748
791,2.495505,2.387315115858124
792,4.443745,4.460366817125831
793,2.6915662,2.2244058083524663
794,3.3453434,3.378518851190904
795,4.304722,4.254560529905884
796,2.3886204,2.583698899417006
797,2.4554536,2.2074696755687246
798,2.7671556,2.345722934430981
799,2.4697204,1.940680872392308
800,2.2822587,2.319862515401093
801,3.647907,3.946827240632789
802,4.5127563,4.464477923612575
803,4.1706386,4.301361895404484
804,4.472899,4.493876788504744
805,2.7810714,1.948566572978233
806,4.304912,4.414489843667481
807,2.4095201,2.030854380366302
808,3.0553603,2.093179382637097
809,3.5200396,3.538981457253182
810,2.8657162,2.5705113995312763
811,2.8232756,2.462164507554881
812,4.372671,4.456563174236496
813,4.3943853,4.411839431611421
814,4.3685403,4.352679414675361
815,4.5255,4.480371724777837
816,4.4555764,4.479364094248385
817,4.3221827,4.389612611648412
818,4.336906,2.3575132247100345
819,2.8647208,2.6374212407503754
820,3.075514,3.552353045254379
821,3.762749,2.929696967576959
822,4.4840755,4.3951412019993015
823,4.375884,4.391199184487142
824,2.6232271,2.1411689505405
825,2.7626667,2.346507170641446
826,3.0279467,2.1763417391970563
827,4.2998595,4.456765223469839
828,2.5974727,2.2744160422452286
829,2.4105418,2.296762229633227
830,2.4837713,2.1554165628680804
831,4.4239817,4.424374812316621
832,4.491144,4.459264249690255
833,2.5928235,2.07413133151537
834,4.532689,2.6433367348862653
835,4.2970138,4.3615026721535735
836,2.486295,2.482476668109621
837,4.218798,4.238156007599591
838,4.4195385,4.475132548249599
839,2.599538,2.253516904258544
840,4.459291,4.4500838277239065
841,2.455477,2.072366167731863
842,4.2085724,4.345848620739067
843,4.5358806,4.582143037058807
844,2.7356894,2.215054592981809
845,4.225591,4.345931860981323
846,4.457229,4.505595957283685
847,2.5405314,2.6836372956052044
848,4.4414153,4.467608751876381
849,4.3410807,4.295786517367181
850,4.3058248,4.300764571267957
851,2.5131717,2.3978974539702524
852,4.3711867,4.370221792134207
853,2.5815246,2.392363614908222
854,4.4151745,4.465307304455065
855,2.7583077,2.38794863692084
856,4.5202894,4.452713174928053
857,4.4483743,4.49641332508258
858,4.4348507,4.448517722101161
859,2.4626682,2.056192653400101
860,2.321114,2.224303758694446
861,4.4079447,4.4268898326798665
862,4.0739837,3.971796732912377
863,4.4658437,4.460167360351836
864,2.6430805,2.12671502905473
865,2.511565,2.419518172454201
866,4.5376434,4.498737795314916
867,2.5212982,1.110306690751938
868,2.4259365,2.1315766051738985
869,4.482338,4.487237452714491
870,2.234308,2.3568261650216265
871,2.1840663,2.585911810002749
872,2.4374475,2.452176339031127
873,2.7490156,1.9688633866551923
874,4.424176,4.439070765793467
875,3.3243058,2.257955782973938
876,4.4187465,4.444262495371185
877,4.425844,4.434783824404103
878,4.48748,4.402281895813387
879,3.250744,2.4609763365165334
880,3.9950123,4.334934383001738
881,2.6076627,2.5803929845666627
882,4.2467465,4.359701579789356
883,4.5073853,4.463428445714978
884,4.431587,4.455053759849011
885,3.8328722,2.1102137480687686
886,4.350942,4.408975584573316
887,3.8811362,3.967550525420054
888,4.401118,4.423650377424526
889,2.3222427,2.6395049330893063
890,2.2956474,2.622532212136825
891,4.2534456,4.262710614932113
892,2.485675,2.4661970843003056
893,4.181401,2.523143252383311
894,2.5255833,2.4853834638071457
895,2.5794635,2.4834183126195875
896,4.2071953,4.424669113516235
897,2.7088912,2.8442885740319546
898,2.9481065,2.421669999387716
899,3.3281732,4.254447325024746
900,4.3414726,4.366702418129693
901,4.352822,4.314000648385352
902,4.4135623,4.437290266792966
903,2.0849392,2.441366709802896
904,4.217349,4.426041328939161
905,2.5735004,2.398353228321441
906,4.3618913,4.379228714522232
907,4.4328623,4.424347851184103
908,2.70328,2.503860479300238
909,2.7606575,2.124529622414322
910,4.3417573,4.278309705244568
911,4.4624686,4.430273084262119
912,4.5185537,4.492458137328374
913,2.5321968,2.207103765871977
914,4.428031,4.4050246815055045
915,2.4002488,4.208567190868135
916,4.35558,4.444878428756853
917,3.8883536,4.318411741615856
918,4.4052057,4.420075087412872
919,2.390542,2.373189665394992
920,2.9188895,3.4878080459737624
921,2.6357574,2.5300226734016023
922,2.344449,3.36718885077286
923,3.4029775,3.868690662657485
924,2.6860409,1.9501661143664144
925,2.0909898,2.2058036482659165
926,2.479327,2.4659430888596248
927,2.457871,2.4355949144952724
928,4.320887,4.289492475698492
929,4.227272,4.381373042325078
930,3.850774,4.379394085178469
931,4.4444866,4.394757351552633
932,4.4117055,4.430498179063862
933,3.096385,3.2610024786149623
934,4.3624954,4.353916326455605
935,3.5684144,2.728275917479625
936,2.2823467,2.055183421171785
937,4.403819,4.466274042289626
938,4.463288,4.4606610953987325
939,2.4228735,2.2872581998067925
940,4.3631825,4.396451231014333
941,2.4804013,2.868785987701395
942,2.5392175,2.277531218854058
943,2.9192133,3.876232642831905
944,4.317774,4.417519808669204
945,2.6972249,2.316321003342285
946,2.6398919,2.429181962220944
947,2.4086468,1.826433231422833
948,2.5256505,1.8526230279530589
949,2.3337011,2.405548608170013
950,4.437827,4.239906068811776
951,4.411518,3.342345712530383
952,2.5103571,2.4073616959414257
953,3.0596328,3.691211134806288
954,4.029328,4.392794965689226
955,2.5919597,2.801291631321368
956,4.4546437,4.428110419691735
957,2.3671064,1.449361998638148
958,2.742556,1.8497616129526149
959,2.3923523,2.4794684004638463
960,2.4961095,2.451235200643989
961,4.3947678,4.481944082364365
962,4.3886843,4.3759955519126015
963,4.3209624,4.401816763553451
964,4.3614264,4.275595912988396
965,2.3381028,2.720217999687148
966,2.8862882,4.3961397456199975
967,4.458531,4.37038803762894
968,2.2555068,2.096658464760345
969,2.3971038,2.363205993330955
970,2.618953,2.809899534222163
971,4.453325,4.477249036969155
972,3.3283513,2.9508960504044794
973,4.446833,4.481995004887381
974,2.5988617,1.906443376455027
975,4.3578496,4.32074610533461
976,2.456502,2.4727791408707835
977,2.457752,1.965347485143702
978,2.6369553,2.402176329814097
979,4.144357,4.108183734673407
980,2.5284517,2.33665294175894
981,4.11666,4.311144217907826
982,4.4961386,4.486544883523989
983,3.8043816,4.3924151632992965
984,4.453277,4.517551659158127
985,2.8445451,2.5823378343768804
986,2.779003,2.460470884670152
987,2.8114712,3.4526995485797216
988,3.283486,2.4529568503497927
989,4.371403,4.3868577893039
990,2.790081,2.4448675707129746
991,4.4025564,4.337036354992915
992,4.2089887,3.992725002242457
993,4.5626526,4.35356094130747
994,2.6696022,4.104939649098423
995,2.4400373,2.270125555546734
996,4.122031,4.016448215385554
997,4.4275665,4.408578288603185
998,2.562442,2.41949650347834
999,4.5906367,4.55532078331626
1000,3.1247792,3.771791543167439
1001,2.2252848,1.9071583036373112
1002,3.999136,3.961292608096131
1003,4.196146,4.361729083428008
1004,2.5310972,2.219194684015724
1005,2.5582561,3.283705142642869
1006,2.2884939,2.5117734616577607
1007,2.5043137,2.411888586362621
1008,2.4350922,2.6700063234694604
1009,4.309415,4.352371309196682
1010,4.4594045,4.301687471807086
1011,4.367374,2.1196621016832164
1012,4.423589,4.3939064996087325
1013,2.3915577,2.4207040098344894
1014,4.46988,4.268004697871923
1015,4.423915,4.490602448731764
1016,4.1245155,4.239688345668354
1017,4.4602184,4.493255819457326
1018,2.5754485,3.395501976891257
1019,2.4527497,2.2220940648064595
1020,2.6653726,1.8934191224460932
1021,3.0178084,2.1483219329648424
1022,4.249913,4.352421949510688
1023,2.505667,2.4440875359176464
1024,4.472961,4.4176014678852775
1025,3.5879695,3.6758116737232216
1026,2.73116,3.5358553071289265
1027,3.0001323,2.34910227656787
1028,2.5796473,2.235230980626953
1029,2.5662456,2.102847708144342
1030,3.301633,3.3358832436393784
1031,4.4300237,4.365765067384778
1032,4.160261,4.340103949975981
1033,4.5377674,4.436857855334366
1034,4.3776546,4.394183188521277
1035,4.319839,4.339814831473697
1036,2.5690877,2.11061317527716
1037,2.4943216,2.1043062363578526
1038,4.3901644,4.387568541559304
1039,4.4292502,4.382652471768841
1040,3.1052735,2.49829559271514
1041,2.2962224,1.991266283059152
1042,2.7995336,2.534379774606581
1043,2.5611856,2.2571757748916497
1044,4.3116994,4.450094336511304
1045,4.450043,4.4650045308574295
1046,4.461128,4.361881763089234
1047,4.351568,4.216349556465191
1048,2.525972,1.8147556772665991
1049,4.3471565,4.396872780646459
1050,4.189736,4.367948245118256
1051,2.5303893,2.221042106178372
1052,4.421708,4.284338044501739
1053,4.4124994,4.511708197842444
1054,4.519473,4.484013251387144
1055,4.4412613,4.355716641799033
1056,4.269836,4.359757720962963
1057,2.6374648,2.4606537081115487
1058,4.364827,4.436357552843629
1059,2.4699473,2.05364774957792
1060,4.4732547,4.498632970505631
1061,4.3655343,4.365462784133405
1062,4.404272,4.401324775902107
1063,2.9008417,2.105637032590318
1064,2.7426865,2.236222222816113
1065,2.32095,3.247214931475491
1066,2.6671183,2.3477040873960777
1067,2.5207264,2.2120071369085426
1068,2.5136995,1.8477277462149264
1069,4.3271437,4.428372976601614
1070,4.554202,3.928929916335516
1071,2.4821193,1.6865132563978429
1072,2.4880295,2.5171610126909694
1073,4.465627,4.405275636993152
1074,4.3670163,4.300481945383833
1075,2.9268575,3.470872364442827
1076,4.4399233,4.457772874085146
1077,2.331095,2.224935577329868
1078,4.466812,4.447196814262328
1079,3.701655,4.0429972784261405
1080,4.4454265,4.409162235182666
1081,2.6393929,3.0163904421712444
1082,4.3342743,4.37272948824868
1083,2.7883365,1.9317362589981917
1084,4.207291,4.4075266551480805
1085,2.4623008,2.470839284954557
1086,4.3567905,4.448488312188054
1087,4.4101853,4.3946645610080415
1088,4.483542,4.488843065161087
1089,2.4472358,2.362675488457185
1090,2.7684,3.2072861671322945
1091,4.4057207,4.3330266717877794
1092,4.4635463,4.478261743048552
1093,1.7891868,2.016084993787816
1094,2.5318077,2.4739671397543197
1095,4.440964,4.38707051549444
1096,4.2337594,4.350427534874281
1097,3.8438501,3.9298757153609607
1098,2.5673537,1.851077531600384
1099,2.5905344,2.496390114602563
1100,2.574558,2.27844395636229
1101,2.5262423,2.6701019759281093
1102,2.313154,2.035863940766295
1103,4.4527597,4.475739010009949
1104,3.507679,3.304578420380161
1105,4.5022707,4.459977472804106
1106,3.7047672,3.1286937907586903
1107,3.9294431,3.974979898043456
1108,4.4623976,4.430028536082124
1109,2.8026955,2.300059465058873
1110,4.334565,4.368055287028221
1111,4.4697733,4.508572181641345
1112,4.2391205,4.279006448917188
1113,3.0168097,2.3898304328607
1114,4.4108553,4.425025250758782
1115,2.6569133,2.428221335700218
1116,2.5365446,2.2958436328016365
1117,4.4697256,4.481244290089868
1118,4.2941003,4.451658519267011
1119,2.5320628,2.570322389159737
1120,2.7454426,2.3071118913417004
1121,2.1408012,2.807774367136937
1122,4.4884553,4.488978509078501
1123,2.4553318,2.082268035967254
1124,4.3642287,4.393645003759478
1125,2.4838715,2.472799634313092
1126,2.9400635,2.106808831298795
1127,2.517385,2.070831686503719
1128,4.405811,4.414864839617592
1129,4.4446087,4.471337205435856
1130,3.657155,4.071025402987725
1131,2.663058,3.15513927170301
1132,4.4728656,4.494325077395276
1133,2.4002304,1.9937044448144805
1134,4.344254,4.390586429332396
1135,2.561983,2.396460093549853
1136,4.361844,4.347612312212534
1137,2.7005692,2.408164243695742
1138,2.1823769,2.0525076151069426
1139,2.4589276,2.469092010592952
1140,4.321738,4.147044810557639
1141,4.3885193,4.379155366762929
1142,2.6824863,2.023458226223944
1143,2.530689,1.8461104853385928
1144,3.7876894,4.037911875300777
1145,4.4654717,4.451976071720066
1146,4.3351345,2.318844962346387
1147,2.5069218,2.509933054960638
1148,4.3097844,4.315065357839138
1149,2.4491067,2.166722265728715
1150,2.6202245,3.471333880531115
1151,2.6238468,2.323108076409296
1152,2.6449666,2.220853696475515
1153,4.493832,4.524142992903211
1154,2.7822506,2.839475984549281
1155,2.5511854,2.4779215513369865
1156,3.5312593,3.955150093108785
1157,4.4967823,4.512206258225401
1158,4.404892,4.377147875461562
1159,3.6082072,2.21003790877387
1160,2.4486763,2.4973588174427324
1161,4.0761814,4.032178541231399
1162,3.8370357,4.171655329722736
1163,2.587793,2.1522428690195783
1164,4.0373287,4.265551389202142
1165,2.4323494,3.2495673386422954
1166,2.6932402,1.9946107808132296
1167,4.493257,4.567531149336517
1168,4.2825894,4.403725310607034
1169,4.396755,4.362821891138712
1170,4.4246345,4.51508620916825
1171,4.4098797,4.434836745977744
1172,3.4797413,3.934765971098856
1173,4.432885,4.453282302785444
1174,3.3158774,3.731502421828552
1175,4.312648,4.295769045192672
1176,2.6159527,2.042011668309068
1177,2.3852,1.8773105783352888
1178,2.5687506,2.4106534294165813
1179,4.020135,4.256483301769299
1180,4.500031,4.498379291385903
1181,4.349572,4.386791672590272
1182,4.1068997,4.425204349066456
1183,2.5974329,2.398422704459992
1184,4.415423,4.39739293771358
1185,2.577355,2.6085327471977338
1186,4.1247425,4.098456112876441
1187,2.4468868,2.2413670854283367
1188,4.2896695,4.147870658313346
1189,2.6601257,2.517600175393446
1190,2.7016063,2.481803877860024
1191,4.4064536,4.413572182412197
1192,4.4002147,4.3070833124198185
1193,4.508392,4.464135943047652
1194,4.2484264,3.184849089052815
1195,2.3657806,2.414371382909637
1196,2.453347,2.4296692258538672
1197,2.5955584,2.1077393601822125
1198,4.450741,4.39391068815922
1199,4.5341578,4.410220075626087
1200,2.4234638,2.282180828966669
1201,3.2554455,3.376061266671654
1202,2.8228207,3.686095195238688
1203,2.4785395,2.5695745749877497
1204,2.6404233,1.6775536640961348
1205,2.3275025,2.189686724004308
1206,3.3281,3.6981378867643233
1207,3.7200046,3.5323772468983643
1208,4.5192676,4.48931997038444
1209,4.2687173,3.2582080190573026
1210,4.506602,4.500909768366997
1211,2.3098018,2.4454564059865973
1212,4.418434,4.397579541300972
1213,2.4411147,1.9017492586966345
1214,3.8575847,4.266745969116117
1215,2.4645088,2.4559707222453846
1216,2.6536398,2.3957406881091123
1217,2.6527154,2.364340904526917
1218,3.56294,3.6465924340102975
1219,4.286529,4.388975403625248
1220,4.060432,4.32180953000966
1221,3.076187,2.0797987876779835
1222,2.733535,2.518124044582319
1223,2.3759024,2.1526399301539905
1224,4.2026057,4.2036729710161165
1225,4.499873,4.488684633568659
1226,4.387285,4.370641516878492
1227,2.526943,1.9346913533542949
1228,4.262397,4.18460261608493
1229,2.2784653,4.141460074670979
1230,4.077461,4.265784795769936
1231,4.469778,4.408327237015445
1232,2.5389228,2.549971759956885
1233,4.417798,4.407494794157175
1234,4.4602504,4.462128472312685
1235,4.012948,4.149425739806706
1236,2.8873825,2.4309551443198614
1237,4.5113215,4.46884307261406
1238,2.5238078,2.537100332539555
1239,4.2975774,4.255648822233442
1240,4.430547,4.465044332864643
1241,4.3410745,4.326921964254364
1242,2.4080844,2.099340150642114
1243,2.3499398,2.645406800106112
1244,2.8168018,2.282270923196844
1245,4.286251,4.159698787246407
1246,4.5045266,4.525807576551996
1247,2.4044955,1.7982260849613283
1248,3.899745,4.4208647546766064
1249,4.4127045,4.454589938806269
1250,2.4284852,2.315863688372036
1251,4.4058237,4.4470752757564656
1252,2.514831,2.967664403831808
1253,4.502311,4.446277623186211
1254,4.2137957,4.355585630346582
1255,4.53236,4.454964066354621
1256,4.37754,4.372231346040089
1257,2.5964024,2.535963772051331
1258,2.432537,2.071761405934628
1259,4.0536947,2.458699510840165
1260,4.383822,4.428270508749799
1261,2.4313922,2.155504330819237
1262,4.44074,4.499167824113622
1263,4.3581166,4.402187836898923
1264,4.310477,4.2794180353220845
1265,2.3685725,2.4243125314057754
1266,4.439369,4.527945341721513
1267,2.3913624,2.2257823578981246
1268,2.662555,2.299079413961913
1269,4.382743,4.410316106294228
1270,4.457462,4.4531891273632
1271,4.4694037,4.515113281065542
1272,2.3432631,2.287801829371803
1273,2.3146896,2.335662361295658
1274,3.38182,4.005164416832777
1275,4.3888483,4.39348283282289
1276,2.4080157,2.1987946641220537
1277,4.42137,4.438914284702401
1278,4.4676256,4.399021159428415
1279,4.476614,4.408575477739313
1280,2.212009,1.58991527841359
1281,2.6070476,3.188673101037465
1282,3.0512376,2.084579798810129
1283,2.684134,2.5244357061440925
1284,2.00827,1.9734053341613609
1285,4.330881,4.342721221856145
1286,2.5849326,2.473263814862253
1287,3.5767896,2.4362861150202213
1288,2.6021388,2.5055391614037066
1289,3.002381,3.7164156749950368
1290,2.4565475,2.4718315706111813
1291,4.3946757,4.390642371431091
1292,4.433346,4.436283534255151
1293,2.5300705,2.39186969398893
1294,2.39036,2.4210100381900435
1295,4.5440536,4.381789009189248
1296,4.5396805,4.5658879207864205
1297,4.4201875,4.398203816471409
1298,2.6831322,2.423673627462966
1299,2.920626,2.554733666277558
1300,2.560648,2.614319793441072
1301,4.5119214,3.9743496570935073
1302,4.0817027,4.353074121647812
1303,4.427235,4.428072829301776
1304,4.3522983,4.463869939703455
1305,4.317566,4.295372125653075
1306,4.327051,4.261530572121624
1307,3.4868298,2.4873308357295776
1308,4.3534784,4.38718918376546
1309,2.4272997,2.5382308793451864
1310,4.3417106,4.360064397558235
1311,4.155176,3.890620451620455
1312,3.7842345,2.1977048292930506
1313,2.499009,3.0723395667291182
1314,2.7332122,2.2667666971826783
1315,2.7158487,2.855791107320116
1316,4.4839473,4.469525280604271
1317,4.4844894,4.442339829072369
1318,2.3576448,2.2035423412343387
1319,4.43286,4.349833202596988
1320,4.364006,4.469965518304552
1321,4.344057,4.219319778404073
1322,4.4636307,4.473124166849588
1323,4.4485617,4.431701485130588
1324,4.4629374,4.441450545554513
1325,2.798847,2.025337305868686
1326,2.9258575,2.999170019446559
1327,4.384064,4.328279879127095
1328,4.502553,4.496652851081438
1329,4.3903446,4.234643125353573
1330,3.2840075,4.019375676194092
1331,2.3859417,2.371773975504652
1332,4.4874787,4.544692330555181
1333,2.4987054,2.3514518098027657
1334,4.3598976,4.4576059585509045
1335,4.4998837,4.485023895920092
1336,4.4148874,4.424097159111544
1337,2.3358705,2.41723692536956
1338,2.4551823,2.4338655324636416
1339,4.3308234,4.4264687196085335
1340,4.4979987,4.452081842590848
1341,2.271855,1.9832672004747651
1342,4.3402886,4.402697327191426
1343,2.3757074,2.3615272347566005
1344,4.4602747,4.455639818265039
1345,4.305115,4.156660333610293
1346,4.1578817,4.392758070361661
1347,4.4048862,4.3966668466472525
1348,4.3906527,4.42165974382872
1349,2.9333425,2.039798348011164
1350,4.4615054,4.496920785492506
1351,4.3630753,4.375946341663277
1352,2.3229244,2.8131121596683664
1353,2.5078669,2.5097550541240343
1354,4.368243,4.3987406912896665
1355,2.5136864,2.7610026979676494
1356,2.5057585,2.208614102817265
1357,2.4854894,2.375106915227285
1358,4.2627106,4.425987709659122
1359,4.3892126,4.435123542746816
1360,4.240285,4.494611736413651
1361,4.338931,4.349950620812013
1362,2.7424185,2.4766382520251007
1363,2.2910082,1.964082175667008
1364,3.2198582,2.3609155410249447
1365,4.4980173,4.484042084743906
1366,2.3278563,2.354725277741184
1367,4.40918,4.472641301388132
1368,4.463479,4.489340027691132
1369,2.5958977,2.2074573878049795
1370,4.388971,4.342804987650284
1371,3.2638686,2.296351741045917
1372,2.8839803,2.579442989474218
1373,3.3599927,2.904083448233356
1374,2.4114358,2.442496371519327
1375,4.3714967,4.229168078876791
1376,3.8756568,3.305295181689285
1377,3.9715948,3.979436324688972
1378,2.2407491,2.475853858250909
1379,4.375099,4.422342310694948
1380,3.090573,4.052096438172785
1381,3.0889652,3.376994614713205
1382,4.3203607,4.272554803591573
1383,4.431296,4.467427174017085
1384,2.3836014,2.5124706122529803
1385,2.651388,1.7308651640365256
1386,4.4429865,4.492989688078983
1387,3.8568172,2.5793592134832486
1388,4.033908,4.278564760049628
1389,2.492513,2.290897905779667
1390,4.4491706,4.420238675742108
1391,2.6453047,2.2229955575645604
1392,2.8489084,2.119634107133754
1393,4.4136257,4.399104827984512
1394,2.8329403,2.2958918419151058
1395,4.396118,4.476097939736172
1396,2.8341322,3.191589644049852
1397,4.04564,4.260251330495544
1398,3.7255714,2.4657463755169875
1399,2.517946,1.7318838001767751
1400,4.37254,4.425472779564648
1401,2.5113785,1.0
1402,3.1276395,2.4654067563712583
1403,2.4549282,2.5151361862367967
1404,4.13279,4.082419608608163
1405,4.434909,4.477661886138639
1406,2.812077,4.307087859083348
1407,4.349625,4.406812422090099
1408,3.9037952,4.170352562812922
1409,4.4218903,4.520077784134993
1410,2.5902698,2.218804762453874
1411,2.4924998,2.0048915381760954
1412,2.4536734,2.289584831691727
1413,4.2618012,4.442999481633927
1414,2.6235542,2.002398491421977
1415,4.480506,4.465713462668412
1416,4.470312,4.484801404527902
1417,4.193281,3.5074231182438997
1418,4.262459,4.387402812938931
1419,4.283726,4.370661801172048
1420,4.4607124,4.435131275742084
1421,4.356574,4.441663713847919
1422,2.6396382,2.34811723243094
1423,4.454453,4.498383894978157
1424,2.7074437,2.5568240759820053
1425,2.5275843,2.140097880356585
1426,2.1300213,2.473116473503824
1427,2.7249365,2.1300950911417864
1428,3.7205212,4.4429177817546
1429,2.320248,1.8744975578360663
1430,3.4877098,4.319589089351583
1431,2.8105638,2.386325095341092
1432,2.4358642,2.4972360450857405
1433,4.398832,4.432335982282987
1434,4.49463,4.481513189282303
1435,2.6060889,2.3743981717660736
1436,4.3360343,4.304605087702231
1437,2.5098927,2.296375765900804
1438,3.9501033,3.98307772212744
1439,4.387958,4.329514318393879
1440,2.4301584,2.466346227973411
1441,4.3696103,4.443353376727872
1442,4.3775363,4.419510025978343
1443,4.3966947,4.42397542369409
1444,2.4279454,2.2643804893007013
1445,3.3125045,2.8938241582940143
1446,4.4819007,4.478310033558241
1447,4.414007,4.474783219385494
1448,4.3276243,4.269965757663621
1449,3.084549,2.390777771974793
1450,2.554411,2.387820172718605
1451,2.4277332,3.15142752550278
1452,4.5513225,4.491100106501035
1453,4.290769,4.400198816565146
1454,2.3454783,2.5159925515836177
1455,4.3786693,3.788920838385768
1456,4.5539527,4.556973685998631
1457,4.3259983,4.341041439669494
1458,4.459278,4.437091800481766
1459,4.461068,4.47868593775817
1460,4.3214293,4.4012759987365975
1461,4.4850836,4.495541581896859
1462,3.1818802,4.254948866676797
1463,4.358969,4.36633414688023
1464,4.418463,4.4371238547797205
1465,3.0475008,3.2085776578660643
1466,2.9261198,3.428060308403845
1467,4.550101,4.458294188415075
1468,3.743523,4.213081429109948
1469,4.0343347,4.364614475582387
1470,2.504439,1.7912391288682574
1471,2.4872072,2.229413881115621
1472,2.3552444,2.25932018665421
1473,2.57373,2.504812644114453
1474,2.596928,2.268662044679433
1475,2.5424829,4.47532564759463
1476,2.6681836,2.1259964977402563
1477,4.4070606,4.436678378326149
1478,4.1376433,4.369433950476156
1479,4.4776564,4.421507383704381
1480,4.131213,4.262996640928592
1481,2.5101967,2.411033363748724
1482,3.8363051,4.371607052577176
1483,2.8569906,3.182643475477399
1484,3.8161027,3.130882645339036
1485,2.2095144,1.8640567190984556
1486,4.424368,4.443164915063129
1487,2.445582,2.351832314115699
1488,2.5272267,4.417817855846674
1489,2.581454,2.052015988306724
1490,3.6984932,4.298177159583927
1491,2.3533266,1.9520068715796297
1492,2.4303033,2.382790519149749
1493,4.4914274,4.382446907974512
1494,4.3691726,4.254481634375662
1495,4.4830065,4.508152623206705
1496,4.488428,4.400149322955069
1497,2.4138832,1.999939504331193
1498,4.378749,4.397550183528657
1499,4.480357,4.513607065658175
1500,4.457845,4.4568688947052815
1501,4.458164,4.4314926481122985
1502,4.499508,4.401709386241
1503,4.158682,4.36761858288571
1504,3.0876377,2.3920306833557228
1505,4.392321,4.397370341479808
1506,4.1521573,4.288394464408444
1507,2.5409615,2.2293175735882738
1508,4.5415726,4.457960479555542
1509,4.4844112,4.550157710121784
1510,2.6381104,2.4816737145873127
1511,4.331746,4.311683996527775
1512,4.431427,4.432512466654889
1513,2.7976592,2.525754608308546
1514,4.3047414,4.41173471265325
1515,4.390031,4.43649786425594
1516,4.421925,4.449749040744259
1517,2.3976965,2.43950664841054
1518,4.311843,4.439577148413833
1519,4.237769,4.425987463527882
1520,4.3944216,4.411230042376136
1521,4.1550555,4.279969127274949
1522,2.5490842,2.283375716066045
1523,4.3952537,4.39584455625569
1524,2.553741,2.444538241854303
1525,4.394868,4.4025538299630025
1526,4.3935194,4.357103907987841
1527,4.222431,4.468923256074944
1528,4.348059,4.389512541090684
1529,4.435062,4.444664817981857
1530,2.2035108,3.0704005401374626
1531,2.8268795,3.5119464309472463
1532,2.6745408,2.323265310082595
1533,4.3857408,4.408961818534542
1534,4.3623505,4.279561904152835
1535,2.3487709,2.1563514020843173
1536,4.4259667,4.443399901729346
1537,2.664919,2.6058344679341894
1538,3.9794204,3.063519897469817
1539,2.324093,1.8076775307570776
1540,2.7253659,2.171952141541305
1541,2.67171,2.3913700056097342
1542,4.388287,4.307202040025053
1543,4.429303,4.397016153915577
1544,4.5005045,4.4950714436849895
1545,4.345317,4.415015625131769
1546,2.4589617,2.4672487689731075
1547,2.7328405,2.340760916805894
1548,2.7498705,2.5583752261150394
1549,2.476307,2.811319373857444
1550,2.847143,2.0964345831862605
1551,3.6936178,4.258225788759591
1552,4.464303,4.513697248175503
1553,2.6623664,2.3261346085216195
1554,2.9348853,3.528118519178378
1555,4.429922,4.42393343042527
1556,4.444052,4.40904882433218
1557,4.4566054,4.4918622342276375
1558,4.316731,4.384162237314697
1559,2.4452844,1.9497547297413036
1560,2.5109336,2.1473013297606927
1561,3.1019156,4.004533522737467
1562,4.479496,4.411310946152668
1563,2.5671873,2.45988492513472
1564,2.3368585,2.79366805997332
1565,2.3724782,2.5806583369819016
1566,2.7084954,2.215022891135617
1567,4.1513186,4.344050375265259
1568,4.388006,4.401355433824113
1569,2.5821102,2.07613157720387
1570,2.4028122,2.3776264993422496
1571,2.3805816,2.3561398869770644
1572,4.4560966,4.485409687965401
1573,2.495758,2.5284776851232555
1574,2.6470888,2.501608538464396
1575,2.6948645,2.4025107850573835
1576,2.408405,2.1318990879918798
1577,3.9892435,3.6935216249856
1578,2.2452261,2.4346048917129783
1579,2.4935958,2.60298303997915
1580,4.3450007,4.4370801127269175
1581,4.3350887,4.4063773648152615
1582,4.4347696,4.473887747405779
1583,3.1626537,3.529441641395187
1584,4.3860016,4.462594297607434
1585,4.3247914,4.401761674621455
1586,4.3198967,4.400154505956343
1587,4.4553976,4.418624147254607
1588,2.4346588,2.433711679736404
1589,3.8680363,4.140904086608136
1590,3.1063392,3.0483172119101622
1591,2.9649808,2.1326986480725325
1592,2.4879558,2.416035038292735
1593,2.4599626,2.38109857508381
1594,2.6220105,2.36628481611314
1595,4.262722,4.102579487730098
1596,3.8378475,3.0995049332648086
1597,4.4462924,4.475296789579703
1598,2.8556368,3.0161443519683875
1599,3.150413,3.468348357236671
1600,4.4041862,4.431185740169844
1601,3.7642229,4.302408433716285
1602,3.1818004,4.190127780744387
1603,4.471074,4.507321897898197
1604,4.4483314,4.418804154348252
1605,4.425438,4.451300564314755
1606,2.2484534,2.27287643736794
1607,4.366465,4.363732939122727
1608,4.3210235,4.408599044204944
1609,3.5359783,4.075317700928525
1610,2.522466,3.2634616429655123
1611,4.2870936,4.416218852778363
1612,2.2884865,2.2266157015286696
1613,2.664647,3.4225834845757825
1614,3.9407508,4.176853137859584
1615,3.0014398,2.6507862822379336
1616,4.476195,4.472076462282281
1617,3.4488406,2.7051023113503616
1618,2.43153,2.347199963174531
1619,3.86453,3.641633201004284
1620,4.2567625,4.276587566859715
1621,3.05428,3.082664830725719
1622,2.2765105,2.529240772521616
1623,2.283086,2.397372185361332
1624,3.7398493,2.980897837070771
1625,1.9635442,2.0404057306175907
1626,2.6795413,1.963084431728138
1627,2.6234252,2.758460519375175
1628,2.5723064,2.42825685287208
1629,2.5721133,2.3591216110876205
1630,4.4621615,4.457394986579652
1631,3.7863193,2.3217747686456365
1632,2.7658596,2.4555710061124185
1633,2.5534837,2.45369668768606
1634,4.4061394,4.452068663710199
1635,2.47605,2.2027295423224
1636,2.6548018,2.602871666823579
1637,4.494479,4.516129074164298
1638,4.3738565,4.4356964288138805
1639,4.3974385,4.304757215268542
1640,4.270379,4.341945539161795
1641,2.410201,2.3904128547385266
1642,3.236518,2.396433800151288
1643,3.0512147,1.8905714195325125
1644,4.2241187,4.390568409260277
1645,2.7740223,2.3238421708471613
1646,4.3449802,4.371693558663633
1647,2.756893,1.9376736027021388
1648,2.5227606,2.4758805247751465
1649,4.4761677,4.507931034150937
1650,4.276348,4.202908877649712
1651,4.5024376,4.511261111111711
1652,2.5403712,2.764918256277418
1653,4.4594455,4.449576129023097
1654,2.7888525,2.369559199404854
1655,4.452244,4.430604695045712
1656,4.400029,4.432088549954869
1657,4.521359,4.431919323403747
1658,4.285359,4.409397670572653
1659,4.1404967,4.192139719130327
1660,2.715192,2.2243796610907274
1661,2.4441817,2.922734326401764
1662,2.6077077,2.0899569631649166
1663,2.499686,2.3521108281701806
1664,4.504182,4.513067902466217
1665,2.3366072,2.3182473437139777
1666,4.4110246,4.413913276416696
1667,4.4806046,4.427823786062132
1668,4.4180913,4.350799632945575
1669,4.358066,4.355855999861945
1670,2.7123985,2.651800665245764
1671,2.4415984,2.620180213835823
1672,2.6037526,3.219313588172393
1673,4.423716,4.468472265023689
1674,4.4595475,4.449382888431285
1675,4.5033727,4.567883163888822
1676,4.0286183,4.283880912713651
1677,4.2553835,4.272972469398664
1678,2.3787448,2.9663904870113407
1679,2.5952477,2.52851009889949
1680,3.7375977,3.331708592006182
1681,4.4897447,4.42918819582189
1682,4.482274,4.468639674231706
1683,2.4535806,2.3385397689200698
1684,3.9472625,3.86261603287748
1685,4.3973336,4.407235550084025
1686,4.3455048,4.423077380993079
1687,4.408892,4.459528161018016
1688,4.128851,4.321821281017705
1689,2.4878945,2.5415712927044574
1690,2.5512471,2.402641616890364
1691,2.3442876,2.725211006901426
1692,4.3978043,4.406347050779652
1693,4.458039,4.491014068085668
1694,4.445881,4.417835306063799
1695,3.9415817,4.321005831402395
1696,2.563216,2.331758613162365
1697,2.8810263,2.3930376135250992
1698,4.3854256,4.373190034768959
1699,2.4681423,2.2220813282785583
1700,2.7694247,2.553131461642403
1701,4.286238,4.3589409593825446
1702,4.4335346,4.485082502945049
1703,4.4180393,4.3173430999371485
1704,2.564524,3.4188361615420995
1705,2.7546484,2.973623795495384
1706,4.527401,4.496747299494899
1707,4.482226,4.518349530423042
1708,4.4487696,4.453296070773673
1709,4.4051275,4.41360685561696
1710,2.421001,2.516206391509246
1711,4.5219545,4.491570069045218
1712,2.2681055,2.266367718593852
1713,3.8442943,4.056066059829812
1714,2.7991407,2.632254189789935
1715,4.220948,4.205484118660097
1716,4.3757095,4.41589988229614
1717,4.384511,4.408899989168661
1718,3.9469347,4.1127585939399465
1719,2.6589572,2.013965914355366
1720,4.423381,4.454743639604601
1721,4.3780985,4.395116461642464
1722,2.4607155,2.295903208159115
1723,2.3469133,2.306224283603071
1724,4.51402,4.525619518064445
1725,2.8934596,2.6089329724637005
1726,4.5663652,4.554273854338846
1727,2.7174132,2.2961067106537385
1728,4.367914,4.41038109512799
1729,4.4968476,4.489219319232996
1730,4.3932185,4.483881020309732
1731,4.4146924,4.438355203617346
1732,4.34127,4.3246429479345
1733,2.35692,2.2275072908450486
1734,4.389113,4.426125944540314
1735,2.7537396,2.313961520903135
1736,4.103806,4.386297041166878
1737,2.7247627,2.001696902684303
1738,4.347718,4.402651038351899
1739,2.5982978,2.5275688785728008
1740,4.5091705,4.447255673649209
1741,4.507469,4.426156418160897
1742,4.473861,4.43621493968786
1743,4.35022,4.325664223818126
1744,4.4333763,4.44108900948833
1745,2.428764,2.388572039135725
1746,2.6342683,2.4685718029689108
1747,2.4803565,2.367413132875569
1748,4.3633337,4.403225276467387
1749,2.2933989,2.0355183579230074
1750,2.5374112,2.670068889895161
1751,2.4538696,2.1175740603663646
1752,2.62031,2.086082011910594
1753,4.5089264,4.489897530526293
1754,4.353343,4.3915251977435545
1755,3.955056,4.132884894705949
1756,4.359948,4.357639357964557
1757,4.383736,4.401758031803716
1758,4.0498323,4.008353885362882
1759,4.41161,4.406522844533053
1760,4.3731537,4.404701231626312
1761,2.3006024,2.479851587417042
1762,4.1455383,4.455225258499188
1763,4.450956,4.434740893680216
1764,4.458577,4.487100395549026
1765,4.0600476,4.2413433019843145
1766,4.395532,4.39687914956279
1767,4.4285517,4.383772550290438
1768,4.4827876,4.454499612281515
1769,2.9477012,2.3612065140040963
1770,4.4767203,4.48119508754549
1771,3.5908866,3.707859671432293
1772,2.9555445,2.3477040873960777
1773,4.387439,4.234556639830871
1774,3.8272488,2.060444455797545
1775,2.688395,2.7973853456351185
1776,2.833855,2.502239640484344
1777,3.9224577,3.834608022954865
1778,4.4474,4.455354825724288
1779,4.527391,4.499531813377787
1780,4.460073,4.478137249746828
1781,2.5491936,2.1610842263983807
1782,2.6357203,1.943989564002955
1783,2.736119,2.5170165378553677
1784,4.4313064,4.473036416139273
1785,4.3860416,4.455580322802909
1786,4.4142985,4.431655582400013
1787,2.8895085,2.483206901186122
1788,4.498077,4.520233162789652
1789,4.473198,4.4507095632081
1790,2.7079797,2.6200875010440385
1791,4.3857527,4.428411326798233
1792,4.511895,4.538502902126401
1793,4.3918815,4.48782981321464
1794,2.504272,2.393350660124056
1795,3.8905952,4.180703801442047
1796,4.47262,4.437616134519796
1797,4.3468485,4.429533368287866
1798,2.9457116,3.102775977614715
1799,2.4943097,2.1683341515588266
1800,2.463287,2.8154265861423373
1801,4.236851,2.1839849904206767
1802,3.1343224,2.452557297775987
1803,4.26695,4.148151072649572
1804,3.9272318,4.278731750878471
1805,4.45982,4.458474376075321
1806,4.332819,4.430227634899768
1807,4.394343,4.323759996335121
1808,2.6739342,2.206663496215951
1809,3.976165,4.369254296867504
1810,4.4353485,4.488402353785425
1811,2.5683768,2.5514662148621223
1812,4.2416496,4.108037819674329
1813,4.4940352,4.478619976457564
1814,4.3905516,4.4575973474506885
1815,3.4020724,3.609045012059706
1816,4.4263678,4.485928918045536
1817,4.3585653,4.200558750028451
1818,4.4806437,4.47758092386818
1819,4.301005,4.206901718812343
1820,3.9587169,4.299622148766698
1821,4.5119686,4.496203508174748
1822,4.4541163,4.500952641265981
1823,3.0447688,4.475048004983892
1824,4.482307,4.475301546531071
1825,4.0160975,4.195793066175481
1826,3.4127653,3.339954446809016
1827,4.4020715,4.171821221111701
1828,4.2071033,4.1704906572872185
1829,4.359846,4.3810453920790655
1830,4.444692,4.406820698740179
1831,2.4995973,2.097737499569287
1832,4.330568,4.421587238322268
1833,3.8291655,4.273021301064134
1834,2.6808856,3.2303312595367304
1835,4.458926,4.504654304655947
1836,2.9823968,2.388993947525494
1837,2.446716,2.3758549492188523
1838,2.595875,2.705844784630301
1839,4.466882,4.425590782126971
1840,4.3219304,4.359680673962323
1841,4.485533,4.452208495894057
1842,4.4255776,4.379557618845718
1843,3.1189964,3.997921422537805
1844,2.6615102,2.55755330928484
1845,2.578285,2.203281217115748
1846,2.9841063,2.4855876404459947
1847,2.626477,2.2862287931144865
1848,2.4916012,2.285080247481185
1849,2.5852294,2.847307889127269
1850,2.5610971,2.5328985359880734
1851,2.5858965,2.5463771024741577
1852,2.6012347,1.7187460447465417
1853,4.4230456,4.420712518236802
1854,2.5425723,2.028552443468742
1855,4.361398,4.206331628058518
1856,4.4405417,4.43548196478812
1857,4.3958793,4.300827061499419
1858,2.6122575,2.413757333793477
1859,2.5993412,3.2266092667118067
1860,3.3009217,3.076437584183789
1861,4.258228,3.674715658783108
1862,3.2750018,2.461710978468213
1863,3.87322,4.3074643746852
1864,4.3836102,4.387145718767744
1865,2.2293386,2.521971366560804
1866,2.4368804,2.4718297118617207
1867,4.448018,4.475863166305732
1868,4.4434366,4.432264667387958
1869,2.747892,2.3896199799615525
1870,2.3479705,2.017425208940128
1871,2.3637154,2.107846148233488
1872,2.605938,2.478633876335706
1873,3.7243733,4.254741064134885
1874,2.627558,2.1607609107079275
1875,2.7056391,2.3019708180399165
1876,2.5762563,2.4868576242684624
1877,4.342464,4.3527621449456
1878,4.407897,4.481478266044146
1879,4.3507147,4.40543262772687
1880,4.3599615,4.464040419917675
1881,2.7705224,1.8772488706851265
1882,4.4112997,4.437084335154531
1883,2.5895755,2.6558906070884998
1884,2.1653173,2.262827303168793
1885,2.489473,2.2419612790278745
1886,4.388209,4.407410116060849
1887,4.2207184,4.369973284858528
1888,3.8735034,4.164400193376805
1889,2.7838907,3.7178118919841694
1890,2.6187086,1.942838930907256
1891,2.6894727,2.076010164079612
1892,2.563693,2.490727901804481
1893,2.71884,2.251580804475073
1894,4.2729697,4.275344084246801
1895,2.4927607,2.446309225783744
1896,2.491891,2.175678679424111
1897,2.7066448,1.8993090513714372
1898,4.502707,4.504111417280342
1899,4.414606,4.448352235982684
1900,3.589287,2.025349321648516
1901,4.477364,4.48994688189782
1902,4.498048,4.492216596122159
1903,4.504979,4.435903397248167
1904,4.121107,3.287431925960826
1905,2.2783537,2.5574563945291704
1906,4.285849,4.3945319830619445
1907,4.137769,4.3158181502106245
1908,4.325998,4.384363325382753
1909,2.6639087,2.1150286442871
1910,2.4928777,2.4186920230260283
1911,2.486548,2.403116601244095
1912,4.28917,4.353309172773239
1913,4.430303,4.461422290291109
1914,4.375707,4.44146438548105
1915,4.454397,4.463767297208007
1916,4.425318,4.4277100150109
1917,4.465077,4.384576791941663
1918,2.6762564,2.429450974741281
1919,4.524201,4.437151426748133
1920,4.1932044,3.7351272912419553
1921,4.4397597,4.4506407996588
1922,2.3368285,2.308469327751093
1923,4.337615,4.226750624032601
1924,2.4457717,2.327477214301842
1925,3.4563692,3.865712563549812
1926,2.5507858,2.510272995255152
1927,2.7196724,2.059841238743551
1928,4.4184713,4.43608535433555
1929,4.474234,4.484316066534324
1930,4.383948,4.456724679906984
1931,2.4854367,2.4137138369354325
1932,4.4555655,4.447380128131341
1933,4.4831653,4.482419019713152
1934,4.378855,4.424050974416879
1935,2.391094,2.4818309540304857
1936,4.350308,2.6290888968384536
1937,4.350579,4.308361305121693
1938,4.3025546,4.2761333433699935
1939,4.39962,4.416946343729607
1940,4.4014115,4.42891062132267
1941,4.459773,4.475334353379498
1942,2.5551472,2.510848361545594
1943,2.7133222,2.652731240212668
1944,4.41512,4.305133341293933
1945,4.463701,4.463166622984442
1946,2.3342412,2.5717890907204968
1947,4.221436,4.257112653153722
1948,2.3467574,2.0957002679664933
1949,4.3480043,4.395370269787242
1950,4.4452963,4.46485980674797
1951,2.6140916,2.23052788464433
1952,4.3864274,4.444855405526109
1953,2.3529031,2.3003614121795626
1954,2.2467916,2.494650469607749
1955,2.3635945,2.375055590276821
1956,2.79832,2.4008933933212133
1957,4.4764295,4.482075576421183
1958,4.192238,3.9756782332485874
1959,4.5137563,4.544482022324759
1960,4.4069805,4.407026145585751
1961,4.2864046,4.384157709835591
1962,4.2529764,2.34042506526505
1963,2.7439988,2.310975854566945
1964,4.439857,4.529132404341661
1965,2.8255773,1.963858271682164
1966,2.7229123,1.8360264247712972
1967,4.35754,4.383618215920055
1968,2.5728664,2.3303299913266557
1969,4.3881106,4.352491505442893
1970,2.6448262,2.472835856597306
1971,4.468632,4.379038238019453
1972,4.140163,4.324309456268624
1973,3.83599,2.388761439264228
1974,2.3742347,2.4953332186383337
1975,2.3924956,2.635464325937561
1976,4.369669,3.30833630206834
1977,4.2638936,4.387635184745054
1978,2.4369256,2.10295488676628
1979,4.378952,4.338821792073486
1980,4.2359176,4.203958846358748
1981,2.899767,2.302465988271633
1982,2.5200455,2.264133802059576
1983,4.4418488,4.472967922488893
1984,2.5718741,2.688978394673978
1985,2.4720912,2.35350258958456
1986,4.427089,4.281093980682016
1987,4.483496,4.425959333017262
1988,2.4168143,2.213993108825472
1989,2.2752504,2.303395656633452
1990,2.8870568,2.4068286422920897
1991,3.9538498,4.030322487570486
1992,4.483901,4.503664715848206
1993,4.441862,4.444656561734336
1994,2.64104,2.3119973219527634
1995,4.2931156,4.303775678470904
1996,4.41612,4.36048876693688
1997,2.4732254,2.429392364333381
1998,4.3495007,4.3816770941122005
1999,2.5787113,2.388715782818824
2000,4.4423614,4.497065190937007
2001,4.5798674,4.535079435785244
2002,3.4363136,2.7413057444141606
2003,2.6678715,2.3720437379950186
2004,4.264063,4.330753100560242
2005,4.4706593,4.428214421416884
2006,4.5071993,4.486930640901053
2007,3.3232036,2.7364973344411245
2008,4.4939227,4.506311063352638
2009,2.321743,2.465009064703489
2010,2.5472496,2.5032701557648176
2011,3.8120756,4.239205288167348
2012,4.078447,4.188878070132982
2013,4.0924277,4.209705304308552
2014,2.838567,2.510578015818582
2015,4.552747,4.505747364812272
2016,2.60494,2.444130660529848
2017,2.9982667,2.379957346458865
2018,4.200329,4.14790392468842
2019,3.9495149,4.002510101408156
2020,2.3785343,2.970460934872289
2021,2.4972394,2.623842295684713
2022,2.7021365,2.139071245009861
2023,4.3980055,4.448497372074471
2024,4.4200177,4.380233699068851
2025,4.4624786,4.506832059414455
2026,3.3512583,2.658929919571028
2027,4.4749827,4.4830153715139724
2028,3.3324199,3.106399185268419
2029,2.7980974,2.364573047748684
2030,4.421818,4.472315498308098
2031,2.8714895,3.4980737769193047
2032,4.393986,4.408092050864597
2033,2.363109,2.8903923142339427
2034,4.5071535,4.517704339376733
2035,3.5773578,4.316284699397514
2036,2.58794,1.641066838227342
2037,2.589675,3.012072167283323
2038,2.3529477,2.5250751841991037
2039,4.4406085,4.457760371302884
2040,2.6527774,3.091389506065473
2041,2.406686,2.4821929312191333
2042,2.7489846,2.395084182092223
2043,4.4381924,4.404847323215292
2044,2.101945,2.501103490466579
2045,2.609848,2.442528727998602
2046,4.427845,4.523825683890489
2047,4.3204684,4.358161713892855
2048,2.4581451,2.5890876818856845
2049,4.4678283,4.385274017785227
2050,4.418368,4.438862505710239
2051,4.394859,4.466196640863929
2052,4.350349,4.348767883973388
2053,2.3293283,1.976946140267788
2054,4.402613,4.296299146491276
2055,4.3998017,4.424924584341518
2056,4.270096,4.39649782168827
2057,4.3545036,4.284778714338746
2058,2.6528878,2.230302002310142
2059,2.606597,2.355055158115471
2060,4.4280577,4.396469747179036
2061,4.456645,4.475511465825475
2062,4.388685,4.280922832852425
2063,4.3049955,4.129040186979744
2064,2.7788048,2.442674021479092
2065,2.261276,2.685045170373606
2066,2.3261259,2.356572911774345
2067,4.2722507,4.177964526854236
2068,3.642297,3.0658484949973333
2069,3.2194114,3.158601724160349
2070,4.262282,4.178182477468503
2071,4.4139614,4.378903447070821
2072,4.467846,4.215371635641717
2073,2.6393445,2.299091994362032
2074,2.5089195,2.003811530175138
2075,2.564977,2.522336253111713
2076,4.367378,4.380855190893835
2077,4.043659,2.1983133923080778
2078,4.492678,4.463083171595032
2079,4.380598,4.344110129704047
2080,2.1873107,3.0126743536485003
2081,4.4456034,4.503363874423839
2082,2.585581,2.5838142327502007
2083,2.5933957,2.8261973295509306
2084,4.477857,4.50169655870917
2085,4.393756,4.4393182416322645
2086,2.3614655,2.458960564519172
2087,4.4709396,4.475693398249215
2088,4.137992,1.7978700639400134
2089,4.3818083,4.40313104596409
2090,2.4180562,2.04741080790816
2091,4.418578,4.396363172375449
2092,4.293658,4.439788915268352
2093,4.173953,2.05367267154641
2094,2.3676193,2.435009328652384
2095,2.8373914,2.4496962799120894
2096,3.487517,4.078921783753935
2097,2.5969508,2.242982533815658
2098,2.486943,2.115596994852822
2099,4.492089,4.500817860795415
2100,4.5092006,4.482767750350526
2101,2.6932645,2.075276731874491
2102,2.5163157,2.748624861664664
2103,4.3461237,4.408748425354165
2104,2.7617009,1.4655800657645588
2105,4.429976,4.476214762987237
2106,2.5506694,2.1126974363132174
2107,2.870218,2.179405187861841
2108,3.9086676,3.562993367467864
2109,2.5561335,2.2570006278179515
2110,4.247668,4.297127142137
2111,4.271006,4.375382987707338
2112,4.3472276,4.355027117229777
2113,3.2344873,3.3970952433432395
2114,4.396041,4.441524814563616
2115,4.4474354,4.462959966533773
2116,2.4301143,2.451859461734525
2117,2.3223574,2.4251948002319934
2118,3.2811801,1.691250501368449
2119,3.865989,4.269291351416137
2120,4.3009086,4.207403939940051
2121,2.4070878,2.183748536861804
2122,2.4422815,2.513056748626302
2123,2.2828093,2.453494590910266
2124,2.4494154,2.4171037868530845
2125,2.509961,2.532725778361798
2126,2.9343534,3.050056706285461
2127,4.428958,4.466211018244697
2128,4.4379086,4.402612778131002
2129,3.9477305,3.0596878444755786
2130,4.4891124,4.47170576468531
2131,4.3597035,4.24215213153871
2132,2.7878637,2.457129702913371
2133,4.2007794,4.374726358443169
2134,4.2547026,4.239678119689727
2135,2.1835356,1.9118288629143048
2136,4.190579,4.397939881988865
2137,4.341237,4.275203913839138
2138,3.1736908,3.414687069989527
2139,4.48433,4.534459357623707
2140,4.4431186,4.425952054374142
2141,2.6335127,2.1583252458092206
2142,4.1848636,4.234154690566823
2143,2.3666863,2.180974503155812
2144,2.5324328,2.1094568682624595
2145,4.2332697,4.335161928148139
2146,4.3222795,4.376820810329231
2147,2.4377449,2.3477040873960777
2148,4.4007244,4.350915457421587
2149,4.24845,4.287049216549875
2150,2.5576644,2.155235244461243
2151,2.565746,3.1521137651076683
2152,3.3958552,2.701175381225814
2153,2.809073,2.3466075266658715
2154,4.4637885,4.401127890335688
2155,4.4935865,4.487482860830432
2156,2.9712734,2.4872252852625656
2157,2.5408697,2.552472985790881
2158,4.471928,4.429463776323571
2159,3.1031175,3.105394219163521
2160,2.5838902,2.545288557964356
2161,4.4632497,4.463880689203517
2162,2.4920604,2.5650927219825848
2163,3.6570516,2.385598644689251
2164,2.606164,2.4219417804769465
2165,4.3357644,4.300612380442532
2166,2.653642,2.507586283343484
2167,4.095822,4.380140252823234
2168,2.7495,2.333386674954617
2169,2.3888235,2.547074241125984
2170,4.344642,4.324220612450545
2171,2.8422978,2.4362365083841886
2172,4.4718986,4.460792328328131
2173,2.4166188,2.2843623631700614
2174,4.337592,4.367021763971414
2175,2.6339958,2.0459812350546818
2176,4.231399,4.308146771597832
2177,4.2229714,4.309763277616151
2178,4.5075583,4.490887674747876
2179,4.343971,3.9885476291548434
2180,4.466802,4.43413238787417
2181,4.462213,4.4976803247470425
2182,2.7047791,2.4058848911099875
2183,4.37308,4.325912669166397
2184,4.2455516,4.352734297590208
2185,4.1746144,4.121222981518449
2186,4.5124154,4.497205368293975
2187,4.3986564,4.425218239326235
2188,4.500309,4.4640108203229385
2189,2.3646412,2.408419174814101
2190,4.418547,4.433298649228464
2191,2.999168,4.057746542355551
2192,2.6084058,4.387182299374008
2193,4.3361015,4.4210626274640346
2194,4.3532243,4.4316114429275
2195,4.420283,4.4328493277731935
2196,2.3969343,2.433587609926709
2197,4.4022803,4.463754397793707
2198,2.5458024,2.627370566744068
2199,4.409349,4.449052894754623
2200,2.522527,2.494284319584784
2201,2.516414,2.117274313828606
2202,2.3703504,2.7994954656720323
2203,4.4471097,4.418156243592988
2204,2.5058346,2.737153703113876
2205,2.6739967,2.015781428056264
2206,2.5351918,2.269075941152785
2207,2.541637,2.521465931389202
2208,3.9126976,3.915431932459996
2209,2.8848436,2.403372660519118
2210,2.279525,3.2046887412776046
2211,3.4913807,4.047895972629523
2212,2.5503237,2.3404628821560283
2213,4.3930106,4.416499862460674
2214,2.9642494,2.402732140762037
2215,4.478791,4.405211382764072
2216,2.2543292,1.6816268880087208
2217,2.3328207,2.321988310765353
2218,2.7324781,2.374627147214302
2219,4.439639,4.4108125242568414
2220,2.5213237,2.456174880024642
2221,2.7308316,2.7108678372348893
2222,4.1704183,4.313823589050108
2223,2.4829829,2.238130572038051
2224,2.4362135,2.1809264535175665
2225,4.295336,4.338391766697548
2226,2.6838124,2.379396763069703
2227,4.3702483,4.240007264191303
2228,4.4202595,4.398030603153393
2229,4.3884835,4.448906000532904
2230,2.3589134,2.5188524349342427
2231,4.3929906,4.410922854895851
2232,4.4450326,4.452502413379699
2233,4.521344,4.487174657415158
2234,2.570306,1.9581510690581236
2235,2.5215406,1.7887829867462437
2236,4.512037,4.479967560756226
2237,2.5998244,2.5169503884826483
2238,4.2443233,4.325155159475016
2239,2.7060623,2.443457602604334
2240,4.355267,4.366161978853143
2241,2.5930362,2.51697971328702
2242,3.224419,3.318495375898873
2243,3.2086513,2.3705578726807675
2244,4.479279,4.3946949517712826
2245,4.4645977,4.458659548434147
2246,4.5295186,4.493928628940167
2247,2.7245612,2.573903180579
2248,4.4301333,4.296240086831854
2249,2.959446,4.242302987669559
2250,2.5390646,2.4349857503410828
2251,4.340768,4.344133626583504
2252,4.090029,4.309564957731074
2253,2.651226,2.4913698943440585
2254,2.373626,2.425642709953564
2255,3.7828734,4.335489070193763
2256,4.5057306,4.489047150576111
2257,2.295876,2.8021530371187
2258,2.5248368,2.3200062720923462
2259,4.487149,4.4922912765938
2260,3.0326478,2.972058354449967
2261,4.3921223,4.356441087798955
2262,2.287184,2.3392768111145825
2263,2.5447404,2.120810313755168
2264,2.714726,1.7894249147025092
2265,4.433854,4.204269910308895
2266,3.3804643,3.675899136120366
2267,2.640054,1.8917024144909915
2268,4.365682,4.424624478429633
2269,4.319998,4.373781585789362
2270,2.4449513,2.205527542834441
2271,2.5372458,2.505600683166737
2272,4.4982643,4.428204842445147
2273,3.6758182,3.298188028975348
2274,4.403433,4.424333116635111
2275,4.5415616,4.529695222088187
2276,2.4269993,2.3164215471085914
2277,3.1864994,3.888097929823593
2278,4.229118,4.336618617435804
2279,4.35426,4.399219952676854
2280,2.5387,2.449117579656259
2281,4.2110353,4.387215555108018
2282,2.3431199,2.369901695509819
2283,4.4103484,4.428202146093913
2284,3.09862,2.733153754662548
2285,4.429939,4.433090099325249
2286,4.394621,4.387635799617608
2287,4.378334,4.34528874778213
2288,2.438061,2.000125563462076
2289,4.074358,4.32445171249021
2290,4.4316525,4.3554647944255365
2291,4.446139,4.433630849606501
2292,2.8061306,2.683776774841652
2293,4.447572,4.49427509920507
2294,4.3401146,4.438867637676881
2295,2.5597718,2.322758313310584
2296,2.5925102,2.5547689045947237
2297,2.5737116,1.7151223207858972
2298,2.525184,2.2313962559856453
2299,2.6176481,2.520287841179711
2300,3.2182167,3.129312846909264
2301,2.7390826,2.3820929879339947
2302,2.5354555,2.494409900831222
2303,2.5209107,2.4247503278817213
2304,2.2508368,2.462191225384316
2305,2.4093688,2.1147627549257626
2306,4.1037984,4.333916869756001
2307,4.483156,4.4874415354542085
2308,4.4781966,4.4733785386252105
2309,4.0696483,4.290060578800102
2310,4.259796,4.395101779254981
2311,2.6235623,2.541552615869688
2312,2.6250207,2.4897853432113424
2313,2.7316358,2.2625660380596417
2314,4.3875904,2.362154662789681
2315,2.6656737,2.2742107675480483
2316,4.1130934,4.034273935353638
2317,4.37642,4.398437452415866
2318,2.6171792,2.460542025691762
2319,2.5827725,2.27195181695042
2320,2.3745508,2.8897946761886923
2321,4.4617786,4.468548125679305
2322,4.292051,4.340924692395811
2323,2.5777078,2.161578822866807
2324,2.6014245,2.484383916989124
2325,4.412832,4.422156845291787
2326,2.6424582,2.461364979451657
2327,4.0976768,4.377234368080468
2328,4.393538,4.425740350323258
2329,2.7249284,2.070898138590952
2330,4.416384,4.384422933136753
2331,3.5209098,3.322418873459628
2332,2.1655498,2.3487171566036165
2333,2.398675,2.212313070138409
2334,2.632575,2.691032421962981
2335,2.018529,2.235510921316097
2336,4.036992,4.398498259297581
2337,2.6356022,2.0001175222501497
2338,4.5300546,4.446096872196423
2339,4.2001305,4.252845428043726
2340,3.716757,2.4189279393358443
2341,2.705247,2.1970173121095566
2342,2.4883978,2.5811730744261143
2343,2.6272888,3.183508985358735
2344,2.6944463,3.970665567623669
2345,4.015865,4.26979193054997
2346,4.0311003,4.421440535043809
2347,4.40677,4.450739878265958
2348,4.16658,4.293239444636908
2349,2.5000584,1.9280743596791217
2350,2.2424395,2.495041912135521
2351,4.454641,4.478790136181558
2352,4.3709054,4.257399745173982
2353,2.7405283,2.308556296679254
2354,4.361366,4.370909377152256
2355,3.623395,3.9095519107162513
2356,4.2904706,4.253694426554658
2357,2.3891673,2.4455463179983257
2358,2.3689659,2.552712603336363
2359,2.23435,2.5722626004777887
2360,2.6679811,2.653445681054841
2361,4.091906,4.270177022320318
2362,4.350815,4.168376937734466
2363,3.7942781,4.278205307520005
2364,3.9703827,4.396275635818026
2365,4.4539127,4.384527790503624
2366,2.9479127,2.986810124469815
2367,4.3483567,4.353896616825739
2368,4.387087,4.4539866568051005
2369,4.3316727,4.318576621456946
2370,2.4078763,1.8088630385359925
2371,2.4600053,2.508682725562425
2372,4.4004216,4.425553132566372
2373,2.493109,2.539443806908935
2374,2.6366603,1.9251329686188905
2375,2.528553,2.5241830957448776
2376,4.37332,4.376808295960709
2377,2.5720994,2.1811010829168302
2378,4.2236996,4.322178067637576
2379,2.9024863,2.350382727422629
2380,4.424839,4.46689783010845
2381,4.4049215,4.462693364298348
2382,2.7491627,2.3477040873960777
2383,4.1988215,4.212923903265619
2384,2.5635548,2.367387807520093
2385,2.6467779,3.012659928963122
2386,4.2097692,4.311029770305988
2387,4.461922,4.47907079195066
2388,4.4309974,4.416783613921915
2389,3.3957527,2.80254991457687
2390,2.8177803,4.197524423420671
2391,2.5214345,2.098770371652756
2392,4.5253987,4.471958317824296
2393,2.717067,2.2648922211087714
2394,2.170323,2.045353823757581
2395,4.360469,4.387626165066747
2396,4.1182504,4.238223165025895
2397,4.303268,4.374778940550632
2398,4.384033,4.41011725704136
2399,3.165132,4.012633837300558
2400,2.3944085,2.3731243902942105
2401,4.5024333,4.50443271394124
2402,2.4711244,2.4693329284325616
2403,4.4179745,4.433965459705347
2404,2.557958,2.494180147421099
2405,4.412106,4.470275213740182
2406,2.445221,2.595421462323469
2407,4.5010524,4.534546472206827
2408,2.4471142,2.32013176690926
2409,4.3233438,4.349716102513497
2410,3.92674,3.8541302829196105
2411,4.298208,4.341520962004754
2412,4.487858,4.471412626948403
2413,2.5248888,2.364618346539268
2414,2.5080836,2.504823844156435
2415,4.4733524,4.450899701107776
2416,4.4068136,4.434475817430736
2417,4.451175,4.412321739085331
2418,4.347416,4.092524520485802
2419,4.4049644,4.4511435579545005
2420,4.4642687,4.533249128069414
2421,4.381202,4.286840824640598
2422,4.469343,4.467976388945514
2423,3.4982367,3.38088896714381
2424,2.617283,2.5228974427788526
2425,4.458801,4.48714767134693
2426,4.4632635,4.433872393775333
2427,4.0680156,4.072683571867365
2428,4.4649067,4.442324032659873
2429,4.438871,4.463806706331676
2430,3.9871972,4.364362773662657
2431,4.177267,4.326278237224094
2432,4.462338,4.406768268169524
2433,2.7434719,2.467524236869996
2434,2.5724766,2.597223300737578
2435,3.4889486,2.4350690802730552
2436,2.5569246,2.438201851371164
2437,2.8084853,1.9249120535071207
2438,4.435135,4.457859274648012
2439,4.3531356,2.2389095094961315
2440,2.5551398,2.289625576443945
2441,2.3325589,2.3548827942251465
2442,3.248546,2.2741760219436404
2443,4.365156,4.324068572147769
2444,4.3950415,4.427219069519487
2445,4.3773737,4.474995537025122
2446,3.0600178,3.216034243228613
2447,3.0454266,3.535664198468353
2448,4.479087,4.475877004349129
2449,4.505927,4.540878921875234
2450,4.3355446,4.451312928842476
2451,4.4693418,4.551195926039931
2452,4.3797355,4.285272428172853
2453,4.4634705,4.449950504341378
2454,3.8910203,4.068989429147053
2455,4.4072905,4.464562423559512
2456,2.6416745,2.235181550904949
2457,2.6223977,2.2310126068183878
2458,3.9632626,4.157975512824179
2459,2.7692626,2.302714351182759
2460,2.8363068,2.4083871543704727
2461,4.4367256,4.458129480598336
2462,4.375001,4.39277484997445
2463,4.177317,4.247198181140159
2464,4.22513,4.369411036334539
2465,2.447946,2.095980406022073
2466,3.0782497,2.590173272556604
2467,4.410023,4.423104889152929
2468,2.503724,3.3472665549967378
2469,4.4415016,4.455096160969797
2470,2.4874923,2.2514192954350807
2471,4.1093545,4.267500502946036
2472,4.4058366,4.401838771432868
2473,2.453948,2.403107470219277
2474,4.363016,4.44038075712873
2475,4.41151,4.485310681309001
2476,2.4676602,2.2760616438069143
2477,2.4661455,1.842208100367144
2478,4.358073,4.360919434366725
2479,2.8433053,2.0214283613710844
2480,2.7564216,2.2665541094922355
2481,2.370346,2.4521178634071097
2482,4.4571958,4.460818442504324
2483,4.4172845,4.435505685694763
2484,4.3497458,4.411657706454259
2485,4.386424,4.329333198868989
2486,2.9587462,2.4543275144639907
2487,4.418679,4.460231210665565
2488,2.7004166,2.529710142839435
2489,4.115589,4.216190355929416
2490,2.444458,2.524940251513887
2491,4.21033,4.225322037970526
2492,4.4222093,4.505711651520768
2493,4.4365687,4.363396532505241
2494,4.4792056,4.504169295625187
2495,2.4126525,2.590763332708278
2496,2.9408722,3.086938264636586
2497,4.1262383,4.309532367158836
2498,3.9648483,2.448469657075301
2499,2.4520793,4.090907782884614
2500,2.546932,2.6059154188183378
2501,4.314275,4.355868369019168
2502,2.8347542,2.549734726862083
2503,4.2420278,4.07594409338554
2504,3.6419442,2.4364968844867696
2505,2.5299566,2.436762985350412
2506,2.4782102,2.484191871185892
2507,2.4494092,2.5367356319933587
2508,4.4974394,4.4820677482408975
2509,2.7743661,2.8264350463608685
2510,4.446104,4.401445724256146
2511,4.4272118,4.364117372379999
2512,3.39741,1.7460565841435542
2513,2.6608758,1.974243831686452
2514,2.5855243,2.1775924087336587
2515,2.35011,2.469302005295729
2516,4.427771,4.452750941834401
2517,4.467877,4.48893951901684
